==========================================
Boss Training VM Start: Tue May 19 00:48:00 UTC 2026
==========================================
Get:1 file:/etc/apt/mirrors/debian.list Mirrorlist [30 B]
Get:4 file:/etc/apt/mirrors/debian-security.list Mirrorlist [39 B]
Ign:2 https://deb.debian.org/debian bookworm InRelease
Ign:3 https://deb.debian.org/debian bookworm-updates InRelease
Ign:5 https://deb.debian.org/debian bookworm-backports InRelease
Ign:6 https://deb.debian.org/debian-security bookworm-security InRelease
Ign:7 https://packages.cloud.google.com/apt google-compute-engine-bookworm-stable InRelease
Ign:8 https://packages.cloud.google.com/apt cloud-sdk-bookworm InRelease
Ign:2 https://deb.debian.org/debian bookworm InRelease
Ign:3 https://deb.debian.org/debian bookworm-updates InRelease
Ign:5 https://deb.debian.org/debian bookworm-backports InRelease
Ign:6 https://deb.debian.org/debian-security bookworm-security InRelease
Ign:7 https://packages.cloud.google.com/apt google-compute-engine-bookworm-stable InRelease
Ign:8 https://packages.cloud.google.com/apt cloud-sdk-bookworm InRelease
Ign:2 https://deb.debian.org/debian bookworm InRelease
Ign:3 https://deb.debian.org/debian bookworm-updates InRelease
Ign:5 https://deb.debian.org/debian bookworm-backports InRelease
Ign:6 https://deb.debian.org/debian-security bookworm-security InRelease
Ign:7 https://packages.cloud.google.com/apt google-compute-engine-bookworm-stable InRelease
Ign:8 https://packages.cloud.google.com/apt cloud-sdk-bookworm InRelease
Err:2 https://deb.debian.org/debian bookworm InRelease
  Cannot initiate the connection to debian.map.fastly.net:443 (2a04:4e42::644). - connect (101: Network is unreachable) Cannot initiate the connection to debian.map.fastly.net:443 (2a04:4e42:200::644). - connect (101: Network is unreachable) Cannot initiate the connection to debian.map.fastly.net:443 (2a04:4e42:400::644). - connect (101: Network is unreachable) Cannot initiate the connection to debian.map.fastly.net:443 (2a04:4e42:600::644). - connect (101: Network is unreachable) Could not connect to debian.map.fastly.net:443 (151.101.2.132), connection timed out Could not connect to debian.map.fastly.net:443 (151.101.66.132), connection timed out Could not connect to debian.map.fastly.net:443 (151.101.130.132), connection timed out Could not connect to debian.map.fastly.net:443 (151.101.194.132), connection timed out Cannot initiate the connection to deb.debian.org:443 (2a04:4e42::644). - connect (101: Network is unreachable) Cannot initiate the connection to deb.debian.org:443 (2a04:4e42:200::644). - connect (101: Network is unreachable) Cannot initiate the connection to deb.debian.org:443 (2a04:4e42:400::644). - connect (101: Network is unreachable) Cannot initiate the connection to deb.debian.org:443 (2a04:4e42:600::644). - connect (101: Network is unreachable)
Err:3 https://deb.debian.org/debian bookworm-updates InRelease
  Cannot initiate the connection to deb.debian.org:443 (2a04:4e42::644). - connect (101: Network is unreachable) Cannot initiate the connection to deb.debian.org:443 (2a04:4e42:200::644). - connect (101: Network is unreachable) Cannot initiate the connection to deb.debian.org:443 (2a04:4e42:400::644). - connect (101: Network is unreachable) Cannot initiate the connection to deb.debian.org:443 (2a04:4e42:600::644). - connect (101: Network is unreachable)
Err:5 https://deb.debian.org/debian bookworm-backports InRelease
  Cannot initiate the connection to deb.debian.org:443 (2a04:4e42::644). - connect (101: Network is unreachable) Cannot initiate the connection to deb.debian.org:443 (2a04:4e42:200::644). - connect (101: Network is unreachable) Cannot initiate the connection to deb.debian.org:443 (2a04:4e42:400::644). - connect (101: Network is unreachable) Cannot initiate the connection to deb.debian.org:443 (2a04:4e42:600::644). - connect (101: Network is unreachable)
Err:6 https://deb.debian.org/debian-security bookworm-security InRelease
  Cannot initiate the connection to deb.debian.org:443 (2a04:4e42::644). - connect (101: Network is unreachable) Cannot initiate the connection to deb.debian.org:443 (2a04:4e42:200::644). - connect (101: Network is unreachable) Cannot initiate the connection to deb.debian.org:443 (2a04:4e42:400::644). - connect (101: Network is unreachable) Cannot initiate the connection to deb.debian.org:443 (2a04:4e42:600::644). - connect (101: Network is unreachable)
Err:7 https://packages.cloud.google.com/apt google-compute-engine-bookworm-stable InRelease
  Cannot initiate the connection to packages.cloud.google.com:443 (2404:6800:400a:1009::8a). - connect (101: Network is unreachable) Cannot initiate the connection to packages.cloud.google.com:443 (2404:6800:400a:1009::65). - connect (101: Network is unreachable) Cannot initiate the connection to packages.cloud.google.com:443 (2404:6800:400a:1009::64). - connect (101: Network is unreachable) Cannot initiate the connection to packages.cloud.google.com:443 (2404:6800:400a:1009::8b). - connect (101: Network is unreachable) Could not connect to packages.cloud.google.com:443 (172.217.213.139), connection timed out Could not connect to packages.cloud.google.com:443 (172.217.213.102), connection timed out Could not connect to packages.cloud.google.com:443 (172.217.213.138), connection timed out Could not connect to packages.cloud.google.com:443 (172.217.213.101), connection timed out Could not connect to packages.cloud.google.com:443 (172.217.213.113), connection timed out Could not connect to packages.cloud.google.com:443 (172.217.213.100), connection timed out
Err:8 https://packages.cloud.google.com/apt cloud-sdk-bookworm InRelease
  Cannot initiate the connection to packages.cloud.google.com:443 (2404:6800:400a:1009::8a). - connect (101: Network is unreachable) Cannot initiate the connection to packages.cloud.google.com:443 (2404:6800:400a:1009::65). - connect (101: Network is unreachable) Cannot initiate the connection to packages.cloud.google.com:443 (2404:6800:400a:1009::64). - connect (101: Network is unreachable) Cannot initiate the connection to packages.cloud.google.com:443 (2404:6800:400a:1009::8b). - connect (101: Network is unreachable)
Reading package lists...
W: Failed to fetch mirror+file:/etc/apt/mirrors/debian.list/dists/bookworm/InRelease  Cannot initiate the connection to debian.map.fastly.net:443 (2a04:4e42::644). - connect (101: Network is unreachable) Cannot initiate the connection to debian.map.fastly.net:443 (2a04:4e42:200::644). - connect (101: Network is unreachable) Cannot initiate the connection to debian.map.fastly.net:443 (2a04:4e42:400::644). - connect (101: Network is unreachable) Cannot initiate the connection to debian.map.fastly.net:443 (2a04:4e42:600::644). - connect (101: Network is unreachable) Could not connect to debian.map.fastly.net:443 (151.101.2.132), connection timed out Could not connect to debian.map.fastly.net:443 (151.101.66.132), connection timed out Could not connect to debian.map.fastly.net:443 (151.101.130.132), connection timed out Could not connect to debian.map.fastly.net:443 (151.101.194.132), connection timed out Cannot initiate the connection to deb.debian.org:443 (2a04:4e42::644). - connect (101: Network is unreachable) Cannot initiate the connection to deb.debian.org:443 (2a04:4e42:200::644). - connect (101: Network is unreachable) Cannot initiate the connection to deb.debian.org:443 (2a04:4e42:400::644). - connect (101: Network is unreachable) Cannot initiate the connection to deb.debian.org:443 (2a04:4e42:600::644). - connect (101: Network is unreachable)
W: Failed to fetch mirror+file:/etc/apt/mirrors/debian.list/dists/bookworm-updates/InRelease  Cannot initiate the connection to deb.debian.org:443 (2a04:4e42::644). - connect (101: Network is unreachable) Cannot initiate the connection to deb.debian.org:443 (2a04:4e42:200::644). - connect (101: Network is unreachable) Cannot initiate the connection to deb.debian.org:443 (2a04:4e42:400::644). - connect (101: Network is unreachable) Cannot initiate the connection to deb.debian.org:443 (2a04:4e42:600::644). - connect (101: Network is unreachable)
W: Failed to fetch mirror+file:/etc/apt/mirrors/debian.list/dists/bookworm-backports/InRelease  Cannot initiate the connection to deb.debian.org:443 (2a04:4e42::644). - connect (101: Network is unreachable) Cannot initiate the connection to deb.debian.org:443 (2a04:4e42:200::644). - connect (101: Network is unreachable) Cannot initiate the connection to deb.debian.org:443 (2a04:4e42:400::644). - connect (101: Network is unreachable) Cannot initiate the connection to deb.debian.org:443 (2a04:4e42:600::644). - connect (101: Network is unreachable)
W: Failed to fetch mirror+file:/etc/apt/mirrors/debian-security.list/dists/bookworm-security/InRelease  Cannot initiate the connection to deb.debian.org:443 (2a04:4e42::644). - connect (101: Network is unreachable) Cannot initiate the connection to deb.debian.org:443 (2a04:4e42:200::644). - connect (101: Network is unreachable) Cannot initiate the connection to deb.debian.org:443 (2a04:4e42:400::644). - connect (101: Network is unreachable) Cannot initiate the connection to deb.debian.org:443 (2a04:4e42:600::644). - connect (101: Network is unreachable)
W: Failed to fetch https://packages.cloud.google.com/apt/dists/google-compute-engine-bookworm-stable/InRelease  Cannot initiate the connection to packages.cloud.google.com:443 (2404:6800:400a:1009::8a). - connect (101: Network is unreachable) Cannot initiate the connection to packages.cloud.google.com:443 (2404:6800:400a:1009::65). - connect (101: Network is unreachable) Cannot initiate the connection to packages.cloud.google.com:443 (2404:6800:400a:1009::64). - connect (101: Network is unreachable) Cannot initiate the connection to packages.cloud.google.com:443 (2404:6800:400a:1009::8b). - connect (101: Network is unreachable) Could not connect to packages.cloud.google.com:443 (172.217.213.139), connection timed out Could not connect to packages.cloud.google.com:443 (172.217.213.102), connection timed out Could not connect to packages.cloud.google.com:443 (172.217.213.138), connection timed out Could not connect to packages.cloud.google.com:443 (172.217.213.101), connection timed out Could not connect to packages.cloud.google.com:443 (172.217.213.113), connection timed out Could not connect to packages.cloud.google.com:443 (172.217.213.100), connection timed out
W: Failed to fetch https://packages.cloud.google.com/apt/dists/cloud-sdk-bookworm/InRelease  Cannot initiate the connection to packages.cloud.google.com:443 (2404:6800:400a:1009::8a). - connect (101: Network is unreachable) Cannot initiate the connection to packages.cloud.google.com:443 (2404:6800:400a:1009::65). - connect (101: Network is unreachable) Cannot initiate the connection to packages.cloud.google.com:443 (2404:6800:400a:1009::64). - connect (101: Network is unreachable) Cannot initiate the connection to packages.cloud.google.com:443 (2404:6800:400a:1009::8b). - connect (101: Network is unreachable)
W: Some index files failed to download. They have been ignored, or old ones used instead.
Reading package lists...
Building dependency tree...
Reading state information...
curl is already the newest version (7.88.1-10+deb12u14).
The following additional packages will be installed:
  binutils binutils-common binutils-x86-64-linux-gnu build-essential bzip2 cpp
  cpp-12 dpkg-dev fakeroot fontconfig-config fonts-dejavu-core g++ g++-12 gcc
  gcc-12 git-man javascript-common libabsl20220623 libalgorithm-diff-perl
  libalgorithm-diff-xs-perl libalgorithm-merge-perl libaom3 libasan8
  libatomic1 libavif15 libbinutils libc-dev-bin libc-devtools libc6-dev
  libcc1-0 libcrypt-dev libctf-nobfd0 libctf0 libdav1d6 libde265-0 libdeflate0
  libdpkg-perl liberror-perl libexpat1-dev libfakeroot libfile-fcntllock-perl
  libfontconfig1 libgav1-1 libgcc-12-dev libgd3 libgdbm-compat4 libgomp1
  libgprofng0 libheif1 libisl23 libitm1 libjansson4 libjbig0 libjpeg62-turbo
  libjs-jquery libjs-sphinxdoc libjs-underscore liblerc4
  liblocale-gettext-perl liblsan0 libmpc3 libmpfr6 libnsl-dev libnuma1
  libperl5.36 libpython3-dev libpython3.11 libpython3.11-dev libquadmath0
  librav1e0 libstdc++-12-dev libsvtav1enc1 libtiff6 libtirpc-dev libtsan2
  libubsan1 libwebp7 libx11-6 libx11-data libx265-199 libxau6 libxcb1
  libxdmcp6 libxpm4 libyuv0 linux-libc-dev make manpages-dev patch perl
  perl-modules-5.36 python3-distutils python3-lib2to3 python3-pip-whl
  python3-setuptools python3-setuptools-whl python3-wheel python3.11-dev
  python3.11-venv rpcsvc-proto zlib1g-dev
Suggested packages:
  binutils-doc bzip2-doc cpp-doc gcc-12-locales cpp-12-doc debian-keyring
  g++-multilib g++-12-multilib gcc-12-doc gcc-multilib autoconf automake
  libtool flex bison gdb gcc-doc gcc-12-multilib git-daemon-run
  | git-daemon-sysvinit git-doc git-email git-gui gitk gitweb git-cvs
  git-mediawiki git-svn apache2 | lighttpd | httpd glibc-doc bzr libgd-tools
  libstdc++-12-doc make-doc ed diffutils-doc perl-doc
  libterm-readline-gnu-perl | libterm-readline-perl-perl
  libtap-harness-archive-perl python-setuptools-doc
The following NEW packages will be installed:
  binutils binutils-common binutils-x86-64-linux-gnu build-essential bzip2 cpp
  cpp-12 dpkg-dev fakeroot fontconfig-config fonts-dejavu-core g++ g++-12 gcc
  gcc-12 git git-man javascript-common libabsl20220623 libalgorithm-diff-perl
  libalgorithm-diff-xs-perl libalgorithm-merge-perl libaom3 libasan8
  libatomic1 libavif15 libbinutils libc-dev-bin libc-devtools libc6-dev
  libcc1-0 libcrypt-dev libctf-nobfd0 libctf0 libdav1d6 libde265-0 libdeflate0
  libdpkg-perl liberror-perl libexpat1-dev libfakeroot libfile-fcntllock-perl
  libfontconfig1 libgav1-1 libgcc-12-dev libgd3 libgdbm-compat4 libgomp1
  libgprofng0 libheif1 libisl23 libitm1 libjansson4 libjbig0 libjpeg62-turbo
  libjs-jquery libjs-sphinxdoc libjs-underscore liblerc4
  liblocale-gettext-perl liblsan0 libmpc3 libmpfr6 libnsl-dev libnuma1
  libperl5.36 libpython3-dev libpython3.11 libpython3.11-dev libquadmath0
  librav1e0 libstdc++-12-dev libsvtav1enc1 libtiff6 libtirpc-dev libtsan2
  libubsan1 libwebp7 libx11-6 libx11-data libx265-199 libxau6 libxcb1
  libxdmcp6 libxpm4 libyuv0 linux-libc-dev make manpages-dev patch perl
  perl-modules-5.36 python3-dev python3-distutils python3-lib2to3 python3-pip
  python3-pip-whl python3-setuptools python3-setuptools-whl python3-venv
  python3-wheel python3.11-dev python3.11-venv rpcsvc-proto zlib1g-dev
0 upgraded, 105 newly installed, 0 to remove and 0 not upgraded.
Need to get 111 MB of archives.
After this operation, 468 MB of additional disk space will be used.
Get:1 file:/etc/apt/mirrors/debian.list Mirrorlist [30 B]
Get:20 file:/etc/apt/mirrors/debian-security.list Mirrorlist [39 B]
Ign:2 https://deb.debian.org/debian bookworm/main amd64 perl-modules-5.36 all 5.36.0-7+deb12u3
Ign:3 https://deb.debian.org/debian bookworm/main amd64 libgdbm-compat4 amd64 1.23-3
Ign:4 https://deb.debian.org/debian bookworm/main amd64 libperl5.36 amd64 5.36.0-7+deb12u3
Ign:5 https://deb.debian.org/debian bookworm/main amd64 perl amd64 5.36.0-7+deb12u3
Ign:6 https://deb.debian.org/debian bookworm/main amd64 liblocale-gettext-perl amd64 1.07-5
Ign:7 https://deb.debian.org/debian bookworm/main amd64 bzip2 amd64 1.0.8-5+b1
Ign:8 https://deb.debian.org/debian bookworm/main amd64 binutils-common amd64 2.40-2
Ign:9 https://deb.debian.org/debian bookworm/main amd64 libbinutils amd64 2.40-2
Ign:10 https://deb.debian.org/debian bookworm/main amd64 libctf-nobfd0 amd64 2.40-2
Ign:11 https://deb.debian.org/debian bookworm/main amd64 libctf0 amd64 2.40-2
Ign:12 https://deb.debian.org/debian bookworm/main amd64 libgprofng0 amd64 2.40-2
Ign:13 https://deb.debian.org/debian bookworm/main amd64 libjansson4 amd64 2.14-2
Ign:14 https://deb.debian.org/debian bookworm/main amd64 binutils-x86-64-linux-gnu amd64 2.40-2
Ign:15 https://deb.debian.org/debian bookworm/main amd64 binutils amd64 2.40-2
Ign:16 https://deb.debian.org/debian bookworm/main amd64 libc-dev-bin amd64 2.36-9+deb12u13
Ign:17 https://deb.debian.org/debian bookworm/main amd64 libcrypt-dev amd64 1:4.4.33-2
Ign:18 https://deb.debian.org/debian bookworm/main amd64 libtirpc-dev amd64 1.3.3+ds-1
Ign:19 https://deb.debian.org/debian bookworm/main amd64 libnsl-dev amd64 1.3.0-2
Ign:21 https://deb.debian.org/debian bookworm/main amd64 rpcsvc-proto amd64 1.4.3-1
Ign:22 https://deb.debian.org/debian bookworm/main amd64 libc6-dev amd64 2.36-9+deb12u13
Ign:23 https://deb.debian.org/debian bookworm/main amd64 libisl23 amd64 0.25-1.1
Ign:24 https://deb.debian.org/debian bookworm/main amd64 libmpfr6 amd64 4.2.0-1
Ign:25 https://deb.debian.org/debian bookworm/main amd64 libmpc3 amd64 1.3.1-1
Ign:26 https://deb.debian.org/debian bookworm/main amd64 cpp-12 amd64 12.2.0-14+deb12u1
Ign:27 https://deb.debian.org/debian bookworm/main amd64 cpp amd64 4:12.2.0-3
Ign:28 https://deb.debian.org/debian bookworm/main amd64 libcc1-0 amd64 12.2.0-14+deb12u1
Ign:29 https://deb.debian.org/debian bookworm/main amd64 libgomp1 amd64 12.2.0-14+deb12u1
Ign:30 https://deb.debian.org/debian bookworm/main amd64 libitm1 amd64 12.2.0-14+deb12u1
Ign:31 https://deb.debian.org/debian bookworm/main amd64 libatomic1 amd64 12.2.0-14+deb12u1
Ign:32 https://deb.debian.org/debian bookworm/main amd64 libasan8 amd64 12.2.0-14+deb12u1
Ign:33 https://deb.debian.org/debian bookworm/main amd64 liblsan0 amd64 12.2.0-14+deb12u1
Ign:34 https://deb.debian.org/debian bookworm/main amd64 libtsan2 amd64 12.2.0-14+deb12u1
Ign:35 https://deb.debian.org/debian-security bookworm-security/main amd64 linux-libc-dev amd64 6.1.170-3
Ign:36 https://deb.debian.org/debian bookworm/main amd64 libubsan1 amd64 12.2.0-14+deb12u1
Ign:37 https://deb.debian.org/debian bookworm/main amd64 libquadmath0 amd64 12.2.0-14+deb12u1
Ign:38 https://deb.debian.org/debian bookworm/main amd64 libgcc-12-dev amd64 12.2.0-14+deb12u1
Ign:39 https://deb.debian.org/debian bookworm/main amd64 gcc-12 amd64 12.2.0-14+deb12u1
Ign:40 https://deb.debian.org/debian bookworm/main amd64 gcc amd64 4:12.2.0-3
Ign:41 https://deb.debian.org/debian bookworm/main amd64 libstdc++-12-dev amd64 12.2.0-14+deb12u1
Ign:42 https://deb.debian.org/debian bookworm/main amd64 g++-12 amd64 12.2.0-14+deb12u1
Ign:43 https://deb.debian.org/debian bookworm/main amd64 g++ amd64 4:12.2.0-3
Ign:44 https://deb.debian.org/debian bookworm/main amd64 make amd64 4.3-4.1
Ign:45 https://deb.debian.org/debian bookworm/main amd64 libdpkg-perl all 1.21.22
Ign:46 https://deb.debian.org/debian bookworm/main amd64 patch amd64 2.7.6-7
Ign:47 https://deb.debian.org/debian bookworm/main amd64 dpkg-dev all 1.21.22
Ign:48 https://deb.debian.org/debian bookworm/main amd64 build-essential amd64 12.9
Ign:49 https://deb.debian.org/debian bookworm/main amd64 libfakeroot amd64 1.31-1.2
Ign:50 https://deb.debian.org/debian bookworm/main amd64 fakeroot amd64 1.31-1.2
Ign:51 https://deb.debian.org/debian bookworm/main amd64 fonts-dejavu-core all 2.37-6
Ign:52 https://deb.debian.org/debian bookworm/main amd64 fontconfig-config amd64 2.14.1-4
Ign:53 https://deb.debian.org/debian bookworm/main amd64 liberror-perl all 0.17029-2
Ign:54 https://deb.debian.org/debian bookworm/main amd64 git-man all 1:2.39.5-0+deb12u3
Ign:55 https://deb.debian.org/debian bookworm/main amd64 git amd64 1:2.39.5-0+deb12u3
Ign:56 https://deb.debian.org/debian bookworm/main amd64 javascript-common all 11+nmu1
Ign:57 https://deb.debian.org/debian bookworm/main amd64 libabsl20220623 amd64 20220623.1-1+deb12u2
Ign:58 https://deb.debian.org/debian bookworm/main amd64 libalgorithm-diff-perl all 1.201-1
Ign:59 https://deb.debian.org/debian bookworm/main amd64 libalgorithm-diff-xs-perl amd64 0.04-8+b1
Ign:60 https://deb.debian.org/debian bookworm/main amd64 libalgorithm-merge-perl all 0.08-5
Ign:61 https://deb.debian.org/debian bookworm/main amd64 libaom3 amd64 3.6.0-1+deb12u2
Ign:62 https://deb.debian.org/debian bookworm/main amd64 libdav1d6 amd64 1.0.0-2+deb12u1
Ign:63 https://deb.debian.org/debian bookworm/main amd64 libgav1-1 amd64 0.18.0-1+b1
Ign:64 https://deb.debian.org/debian bookworm/main amd64 librav1e0 amd64 0.5.1-6
Ign:65 https://deb.debian.org/debian bookworm/main amd64 libsvtav1enc1 amd64 1.4.1+dfsg-1
Ign:66 https://deb.debian.org/debian bookworm/main amd64 libjpeg62-turbo amd64 1:2.1.5-2
Ign:67 https://deb.debian.org/debian bookworm/main amd64 libyuv0 amd64 0.0~git20230123.b2528b0-1
Ign:68 https://deb.debian.org/debian bookworm/main amd64 libavif15 amd64 0.11.1-1+deb12u1
Ign:69 https://deb.debian.org/debian bookworm/main amd64 libfontconfig1 amd64 2.14.1-4
Ign:70 https://deb.debian.org/debian bookworm/main amd64 libde265-0 amd64 1.0.11-1+deb12u2
Ign:71 https://deb.debian.org/debian bookworm/main amd64 libnuma1 amd64 2.0.16-1
Ign:72 https://deb.debian.org/debian bookworm/main amd64 libx265-199 amd64 3.5-2+b1
Ign:73 https://deb.debian.org/debian bookworm/main amd64 libheif1 amd64 1.15.1-1+deb12u1
Ign:74 https://deb.debian.org/debian bookworm/main amd64 libdeflate0 amd64 1.14-1
Ign:75 https://deb.debian.org/debian bookworm/main amd64 libjbig0 amd64 2.1-6.1
Ign:76 https://deb.debian.org/debian bookworm/main amd64 liblerc4 amd64 4.0.0+ds-2
Ign:77 https://deb.debian.org/debian bookworm/main amd64 libwebp7 amd64 1.2.4-0.2+deb12u1
Ign:78 https://deb.debian.org/debian-security bookworm-security/main amd64 libtiff6 amd64 4.5.0-6+deb12u4
Ign:79 https://deb.debian.org/debian bookworm/main amd64 libxau6 amd64 1:1.0.9-1
Ign:80 https://deb.debian.org/debian bookworm/main amd64 libxdmcp6 amd64 1:1.1.2-3
Ign:81 https://deb.debian.org/debian bookworm/main amd64 libxcb1 amd64 1.15-1
Ign:82 https://deb.debian.org/debian bookworm/main amd64 libx11-data all 2:1.8.4-2+deb12u2
Ign:83 https://deb.debian.org/debian bookworm/main amd64 libx11-6 amd64 2:1.8.4-2+deb12u2
Ign:84 https://deb.debian.org/debian bookworm/main amd64 libxpm4 amd64 1:3.5.12-1.1+deb12u1
Ign:85 https://deb.debian.org/debian bookworm/main amd64 libgd3 amd64 2.3.3-9
Ign:86 https://deb.debian.org/debian bookworm/main amd64 libc-devtools amd64 2.36-9+deb12u13
Ign:87 https://deb.debian.org/debian bookworm/main amd64 libexpat1-dev amd64 2.5.0-1+deb12u2
Ign:88 https://deb.debian.org/debian bookworm/main amd64 libfile-fcntllock-perl amd64 0.22-4+b1
Ign:89 https://deb.debian.org/debian bookworm/main amd64 libjs-jquery all 3.6.1+dfsg+~3.5.14-1
Ign:90 https://deb.debian.org/debian bookworm/main amd64 libjs-underscore all 1.13.4~dfsg+~1.11.4-3
Ign:91 https://deb.debian.org/debian bookworm/main amd64 libjs-sphinxdoc all 5.3.0-4
Ign:92 https://deb.debian.org/debian bookworm/main amd64 libpython3.11 amd64 3.11.2-6+deb12u6
Ign:93 https://deb.debian.org/debian bookworm/main amd64 zlib1g-dev amd64 1:1.2.13.dfsg-1
Ign:94 https://deb.debian.org/debian bookworm/main amd64 libpython3.11-dev amd64 3.11.2-6+deb12u6
Ign:95 https://deb.debian.org/debian bookworm/main amd64 libpython3-dev amd64 3.11.2-1+b1
Ign:96 https://deb.debian.org/debian bookworm/main amd64 manpages-dev all 6.03-2
Ign:97 https://deb.debian.org/debian bookworm/main amd64 python3.11-dev amd64 3.11.2-6+deb12u6
Ign:98 https://deb.debian.org/debian bookworm/main amd64 python3-lib2to3 all 3.11.2-3
Ign:99 https://deb.debian.org/debian bookworm/main amd64 python3-distutils all 3.11.2-3
Ign:100 https://deb.debian.org/debian bookworm/main amd64 python3-dev amd64 3.11.2-1+b1
Ign:101 https://deb.debian.org/debian bookworm/main amd64 python3-setuptools all 66.1.1-1+deb12u2
Ign:102 https://deb.debian.org/debian bookworm/main amd64 python3-wheel all 0.38.4-2
Ign:103 https://deb.debian.org/debian bookworm/main amd64 python3-pip all 23.0.1+dfsg-1
Ign:104 https://deb.debian.org/debian bookworm/main amd64 python3-pip-whl all 23.0.1+dfsg-1
Ign:105 https://deb.debian.org/debian bookworm/main amd64 python3-setuptools-whl all 66.1.1-1+deb12u2
Ign:106 https://deb.debian.org/debian bookworm/main amd64 python3.11-venv amd64 3.11.2-6+deb12u6
Ign:107 https://deb.debian.org/debian bookworm/main amd64 python3-venv amd64 3.11.2-1+b1
Ign:2 https://deb.debian.org/debian bookworm/main amd64 perl-modules-5.36 all 5.36.0-7+deb12u3
Ign:3 https://deb.debian.org/debian bookworm/main amd64 libgdbm-compat4 amd64 1.23-3
Ign:4 https://deb.debian.org/debian bookworm/main amd64 libperl5.36 amd64 5.36.0-7+deb12u3
Ign:5 https://deb.debian.org/debian bookworm/main amd64 perl amd64 5.36.0-7+deb12u3
Ign:6 https://deb.debian.org/debian bookworm/main amd64 liblocale-gettext-perl amd64 1.07-5
Ign:7 https://deb.debian.org/debian bookworm/main amd64 bzip2 amd64 1.0.8-5+b1
Ign:8 https://deb.debian.org/debian bookworm/main amd64 binutils-common amd64 2.40-2
Ign:9 https://deb.debian.org/debian bookworm/main amd64 libbinutils amd64 2.40-2
Ign:10 https://deb.debian.org/debian bookworm/main amd64 libctf-nobfd0 amd64 2.40-2
Ign:11 https://deb.debian.org/debian bookworm/main amd64 libctf0 amd64 2.40-2
Ign:12 https://deb.debian.org/debian bookworm/main amd64 libgprofng0 amd64 2.40-2
Ign:13 https://deb.debian.org/debian bookworm/main amd64 libjansson4 amd64 2.14-2
Ign:14 https://deb.debian.org/debian bookworm/main amd64 binutils-x86-64-linux-gnu amd64 2.40-2
Ign:15 https://deb.debian.org/debian bookworm/main amd64 binutils amd64 2.40-2
Ign:16 https://deb.debian.org/debian bookworm/main amd64 libc-dev-bin amd64 2.36-9+deb12u13
Ign:17 https://deb.debian.org/debian bookworm/main amd64 libcrypt-dev amd64 1:4.4.33-2
Ign:18 https://deb.debian.org/debian bookworm/main amd64 libtirpc-dev amd64 1.3.3+ds-1
Ign:19 https://deb.debian.org/debian bookworm/main amd64 libnsl-dev amd64 1.3.0-2
Ign:21 https://deb.debian.org/debian bookworm/main amd64 rpcsvc-proto amd64 1.4.3-1
Ign:22 https://deb.debian.org/debian bookworm/main amd64 libc6-dev amd64 2.36-9+deb12u13
Ign:23 https://deb.debian.org/debian bookworm/main amd64 libisl23 amd64 0.25-1.1
Ign:24 https://deb.debian.org/debian bookworm/main amd64 libmpfr6 amd64 4.2.0-1
Ign:25 https://deb.debian.org/debian bookworm/main amd64 libmpc3 amd64 1.3.1-1
Ign:26 https://deb.debian.org/debian bookworm/main amd64 cpp-12 amd64 12.2.0-14+deb12u1
Ign:27 https://deb.debian.org/debian bookworm/main amd64 cpp amd64 4:12.2.0-3
Ign:28 https://deb.debian.org/debian bookworm/main amd64 libcc1-0 amd64 12.2.0-14+deb12u1
Ign:29 https://deb.debian.org/debian bookworm/main amd64 libgomp1 amd64 12.2.0-14+deb12u1
Ign:30 https://deb.debian.org/debian bookworm/main amd64 libitm1 amd64 12.2.0-14+deb12u1
Ign:31 https://deb.debian.org/debian bookworm/main amd64 libatomic1 amd64 12.2.0-14+deb12u1
Ign:32 https://deb.debian.org/debian bookworm/main amd64 libasan8 amd64 12.2.0-14+deb12u1
Ign:33 https://deb.debian.org/debian bookworm/main amd64 liblsan0 amd64 12.2.0-14+deb12u1
Ign:34 https://deb.debian.org/debian bookworm/main amd64 libtsan2 amd64 12.2.0-14+deb12u1
Ign:35 https://deb.debian.org/debian-security bookworm-security/main amd64 linux-libc-dev amd64 6.1.170-3
Ign:36 https://deb.debian.org/debian bookworm/main amd64 libubsan1 amd64 12.2.0-14+deb12u1
Ign:37 https://deb.debian.org/debian bookworm/main amd64 libquadmath0 amd64 12.2.0-14+deb12u1
Ign:38 https://deb.debian.org/debian bookworm/main amd64 libgcc-12-dev amd64 12.2.0-14+deb12u1
Ign:39 https://deb.debian.org/debian bookworm/main amd64 gcc-12 amd64 12.2.0-14+deb12u1
Ign:40 https://deb.debian.org/debian bookworm/main amd64 gcc amd64 4:12.2.0-3
Ign:41 https://deb.debian.org/debian bookworm/main amd64 libstdc++-12-dev amd64 12.2.0-14+deb12u1
Ign:42 https://deb.debian.org/debian bookworm/main amd64 g++-12 amd64 12.2.0-14+deb12u1
Ign:43 https://deb.debian.org/debian bookworm/main amd64 g++ amd64 4:12.2.0-3
Ign:44 https://deb.debian.org/debian bookworm/main amd64 make amd64 4.3-4.1
Ign:45 https://deb.debian.org/debian bookworm/main amd64 libdpkg-perl all 1.21.22
Ign:46 https://deb.debian.org/debian bookworm/main amd64 patch amd64 2.7.6-7
Ign:47 https://deb.debian.org/debian bookworm/main amd64 dpkg-dev all 1.21.22
Ign:48 https://deb.debian.org/debian bookworm/main amd64 build-essential amd64 12.9
Ign:49 https://deb.debian.org/debian bookworm/main amd64 libfakeroot amd64 1.31-1.2
Ign:50 https://deb.debian.org/debian bookworm/main amd64 fakeroot amd64 1.31-1.2
Ign:51 https://deb.debian.org/debian bookworm/main amd64 fonts-dejavu-core all 2.37-6
Ign:52 https://deb.debian.org/debian bookworm/main amd64 fontconfig-config amd64 2.14.1-4
Ign:53 https://deb.debian.org/debian bookworm/main amd64 liberror-perl all 0.17029-2
Ign:54 https://deb.debian.org/debian bookworm/main amd64 git-man all 1:2.39.5-0+deb12u3
Ign:55 https://deb.debian.org/debian bookworm/main amd64 git amd64 1:2.39.5-0+deb12u3
Ign:56 https://deb.debian.org/debian bookworm/main amd64 javascript-common all 11+nmu1
Ign:57 https://deb.debian.org/debian bookworm/main amd64 libabsl20220623 amd64 20220623.1-1+deb12u2
Ign:58 https://deb.debian.org/debian bookworm/main amd64 libalgorithm-diff-perl all 1.201-1
Ign:59 https://deb.debian.org/debian bookworm/main amd64 libalgorithm-diff-xs-perl amd64 0.04-8+b1
Ign:60 https://deb.debian.org/debian bookworm/main amd64 libalgorithm-merge-perl all 0.08-5
Ign:61 https://deb.debian.org/debian bookworm/main amd64 libaom3 amd64 3.6.0-1+deb12u2
Ign:62 https://deb.debian.org/debian bookworm/main amd64 libdav1d6 amd64 1.0.0-2+deb12u1
Ign:63 https://deb.debian.org/debian bookworm/main amd64 libgav1-1 amd64 0.18.0-1+b1
Ign:64 https://deb.debian.org/debian bookworm/main amd64 librav1e0 amd64 0.5.1-6
Ign:65 https://deb.debian.org/debian bookworm/main amd64 libsvtav1enc1 amd64 1.4.1+dfsg-1
Ign:66 https://deb.debian.org/debian bookworm/main amd64 libjpeg62-turbo amd64 1:2.1.5-2
Ign:67 https://deb.debian.org/debian bookworm/main amd64 libyuv0 amd64 0.0~git20230123.b2528b0-1
Ign:68 https://deb.debian.org/debian bookworm/main amd64 libavif15 amd64 0.11.1-1+deb12u1
Ign:69 https://deb.debian.org/debian bookworm/main amd64 libfontconfig1 amd64 2.14.1-4
Ign:70 https://deb.debian.org/debian bookworm/main amd64 libde265-0 amd64 1.0.11-1+deb12u2
Ign:71 https://deb.debian.org/debian bookworm/main amd64 libnuma1 amd64 2.0.16-1
Ign:72 https://deb.debian.org/debian bookworm/main amd64 libx265-199 amd64 3.5-2+b1
Ign:73 https://deb.debian.org/debian bookworm/main amd64 libheif1 amd64 1.15.1-1+deb12u1
Ign:74 https://deb.debian.org/debian bookworm/main amd64 libdeflate0 amd64 1.14-1
Ign:75 https://deb.debian.org/debian bookworm/main amd64 libjbig0 amd64 2.1-6.1
Ign:76 https://deb.debian.org/debian bookworm/main amd64 liblerc4 amd64 4.0.0+ds-2
Ign:77 https://deb.debian.org/debian bookworm/main amd64 libwebp7 amd64 1.2.4-0.2+deb12u1
Ign:78 https://deb.debian.org/debian-security bookworm-security/main amd64 libtiff6 amd64 4.5.0-6+deb12u4
Ign:79 https://deb.debian.org/debian bookworm/main amd64 libxau6 amd64 1:1.0.9-1
Ign:80 https://deb.debian.org/debian bookworm/main amd64 libxdmcp6 amd64 1:1.1.2-3
Ign:81 https://deb.debian.org/debian bookworm/main amd64 libxcb1 amd64 1.15-1
Ign:82 https://deb.debian.org/debian bookworm/main amd64 libx11-data all 2:1.8.4-2+deb12u2
Ign:83 https://deb.debian.org/debian bookworm/main amd64 libx11-6 amd64 2:1.8.4-2+deb12u2
Ign:84 https://deb.debian.org/debian bookworm/main amd64 libxpm4 amd64 1:3.5.12-1.1+deb12u1
Ign:85 https://deb.debian.org/debian bookworm/main amd64 libgd3 amd64 2.3.3-9
Ign:86 https://deb.debian.org/debian bookworm/main amd64 libc-devtools amd64 2.36-9+deb12u13
Ign:87 https://deb.debian.org/debian bookworm/main amd64 libexpat1-dev amd64 2.5.0-1+deb12u2
Ign:88 https://deb.debian.org/debian bookworm/main amd64 libfile-fcntllock-perl amd64 0.22-4+b1
Ign:89 https://deb.debian.org/debian bookworm/main amd64 libjs-jquery all 3.6.1+dfsg+~3.5.14-1
Ign:90 https://deb.debian.org/debian bookworm/main amd64 libjs-underscore all 1.13.4~dfsg+~1.11.4-3
Ign:91 https://deb.debian.org/debian bookworm/main amd64 libjs-sphinxdoc all 5.3.0-4
Ign:92 https://deb.debian.org/debian bookworm/main amd64 libpython3.11 amd64 3.11.2-6+deb12u6
Ign:93 https://deb.debian.org/debian bookworm/main amd64 zlib1g-dev amd64 1:1.2.13.dfsg-1
Ign:94 https://deb.debian.org/debian bookworm/main amd64 libpython3.11-dev amd64 3.11.2-6+deb12u6
Ign:95 https://deb.debian.org/debian bookworm/main amd64 libpython3-dev amd64 3.11.2-1+b1
Ign:96 https://deb.debian.org/debian bookworm/main amd64 manpages-dev all 6.03-2
Ign:97 https://deb.debian.org/debian bookworm/main amd64 python3.11-dev amd64 3.11.2-6+deb12u6
Ign:98 https://deb.debian.org/debian bookworm/main amd64 python3-lib2to3 all 3.11.2-3
Ign:99 https://deb.debian.org/debian bookworm/main amd64 python3-distutils all 3.11.2-3
Ign:100 https://deb.debian.org/debian bookworm/main amd64 python3-dev amd64 3.11.2-1+b1
Ign:101 https://deb.debian.org/debian bookworm/main amd64 python3-setuptools all 66.1.1-1+deb12u2
Ign:102 https://deb.debian.org/debian bookworm/main amd64 python3-wheel all 0.38.4-2
Ign:103 https://deb.debian.org/debian bookworm/main amd64 python3-pip all 23.0.1+dfsg-1
Ign:104 https://deb.debian.org/debian bookworm/main amd64 python3-pip-whl all 23.0.1+dfsg-1
Ign:105 https://deb.debian.org/debian bookworm/main amd64 python3-setuptools-whl all 66.1.1-1+deb12u2
Ign:106 https://deb.debian.org/debian bookworm/main amd64 python3.11-venv amd64 3.11.2-6+deb12u6
Ign:107 https://deb.debian.org/debian bookworm/main amd64 python3-venv amd64 3.11.2-1+b1
Ign:2 https://deb.debian.org/debian bookworm/main amd64 perl-modules-5.36 all 5.36.0-7+deb12u3
Ign:3 https://deb.debian.org/debian bookworm/main amd64 libgdbm-compat4 amd64 1.23-3
Ign:4 https://deb.debian.org/debian bookworm/main amd64 libperl5.36 amd64 5.36.0-7+deb12u3
Ign:5 https://deb.debian.org/debian bookworm/main amd64 perl amd64 5.36.0-7+deb12u3
Ign:6 https://deb.debian.org/debian bookworm/main amd64 liblocale-gettext-perl amd64 1.07-5
Ign:7 https://deb.debian.org/debian bookworm/main amd64 bzip2 amd64 1.0.8-5+b1
Ign:8 https://deb.debian.org/debian bookworm/main amd64 binutils-common amd64 2.40-2
Ign:9 https://deb.debian.org/debian bookworm/main amd64 libbinutils amd64 2.40-2
Ign:10 https://deb.debian.org/debian bookworm/main amd64 libctf-nobfd0 amd64 2.40-2
Ign:11 https://deb.debian.org/debian bookworm/main amd64 libctf0 amd64 2.40-2
Ign:12 https://deb.debian.org/debian bookworm/main amd64 libgprofng0 amd64 2.40-2
Ign:13 https://deb.debian.org/debian bookworm/main amd64 libjansson4 amd64 2.14-2
Ign:14 https://deb.debian.org/debian bookworm/main amd64 binutils-x86-64-linux-gnu amd64 2.40-2
Ign:15 https://deb.debian.org/debian bookworm/main amd64 binutils amd64 2.40-2
Ign:16 https://deb.debian.org/debian bookworm/main amd64 libc-dev-bin amd64 2.36-9+deb12u13
Ign:17 https://deb.debian.org/debian bookworm/main amd64 libcrypt-dev amd64 1:4.4.33-2
Ign:18 https://deb.debian.org/debian bookworm/main amd64 libtirpc-dev amd64 1.3.3+ds-1
Ign:19 https://deb.debian.org/debian bookworm/main amd64 libnsl-dev amd64 1.3.0-2
Ign:21 https://deb.debian.org/debian bookworm/main amd64 rpcsvc-proto amd64 1.4.3-1
Ign:22 https://deb.debian.org/debian bookworm/main amd64 libc6-dev amd64 2.36-9+deb12u13
Ign:23 https://deb.debian.org/debian bookworm/main amd64 libisl23 amd64 0.25-1.1
Ign:24 https://deb.debian.org/debian bookworm/main amd64 libmpfr6 amd64 4.2.0-1
Ign:25 https://deb.debian.org/debian bookworm/main amd64 libmpc3 amd64 1.3.1-1
Ign:26 https://deb.debian.org/debian bookworm/main amd64 cpp-12 amd64 12.2.0-14+deb12u1
Ign:27 https://deb.debian.org/debian bookworm/main amd64 cpp amd64 4:12.2.0-3
Ign:28 https://deb.debian.org/debian bookworm/main amd64 libcc1-0 amd64 12.2.0-14+deb12u1
Ign:29 https://deb.debian.org/debian bookworm/main amd64 libgomp1 amd64 12.2.0-14+deb12u1
Ign:30 https://deb.debian.org/debian bookworm/main amd64 libitm1 amd64 12.2.0-14+deb12u1
Ign:31 https://deb.debian.org/debian bookworm/main amd64 libatomic1 amd64 12.2.0-14+deb12u1
Ign:32 https://deb.debian.org/debian bookworm/main amd64 libasan8 amd64 12.2.0-14+deb12u1
Ign:33 https://deb.debian.org/debian bookworm/main amd64 liblsan0 amd64 12.2.0-14+deb12u1
Ign:34 https://deb.debian.org/debian bookworm/main amd64 libtsan2 amd64 12.2.0-14+deb12u1
Ign:35 https://deb.debian.org/debian-security bookworm-security/main amd64 linux-libc-dev amd64 6.1.170-3
Ign:36 https://deb.debian.org/debian bookworm/main amd64 libubsan1 amd64 12.2.0-14+deb12u1
Ign:37 https://deb.debian.org/debian bookworm/main amd64 libquadmath0 amd64 12.2.0-14+deb12u1
Ign:38 https://deb.debian.org/debian bookworm/main amd64 libgcc-12-dev amd64 12.2.0-14+deb12u1
Ign:39 https://deb.debian.org/debian bookworm/main amd64 gcc-12 amd64 12.2.0-14+deb12u1
Ign:40 https://deb.debian.org/debian bookworm/main amd64 gcc amd64 4:12.2.0-3
Ign:41 https://deb.debian.org/debian bookworm/main amd64 libstdc++-12-dev amd64 12.2.0-14+deb12u1
Ign:42 https://deb.debian.org/debian bookworm/main amd64 g++-12 amd64 12.2.0-14+deb12u1
Ign:43 https://deb.debian.org/debian bookworm/main amd64 g++ amd64 4:12.2.0-3
Ign:44 https://deb.debian.org/debian bookworm/main amd64 make amd64 4.3-4.1
Ign:45 https://deb.debian.org/debian bookworm/main amd64 libdpkg-perl all 1.21.22
Ign:46 https://deb.debian.org/debian bookworm/main amd64 patch amd64 2.7.6-7
Ign:47 https://deb.debian.org/debian bookworm/main amd64 dpkg-dev all 1.21.22
Ign:48 https://deb.debian.org/debian bookworm/main amd64 build-essential amd64 12.9
Ign:49 https://deb.debian.org/debian bookworm/main amd64 libfakeroot amd64 1.31-1.2
Ign:50 https://deb.debian.org/debian bookworm/main amd64 fakeroot amd64 1.31-1.2
Ign:51 https://deb.debian.org/debian bookworm/main amd64 fonts-dejavu-core all 2.37-6
Ign:52 https://deb.debian.org/debian bookworm/main amd64 fontconfig-config amd64 2.14.1-4
Ign:53 https://deb.debian.org/debian bookworm/main amd64 liberror-perl all 0.17029-2
Ign:54 https://deb.debian.org/debian bookworm/main amd64 git-man all 1:2.39.5-0+deb12u3
Ign:55 https://deb.debian.org/debian bookworm/main amd64 git amd64 1:2.39.5-0+deb12u3
Ign:56 https://deb.debian.org/debian bookworm/main amd64 javascript-common all 11+nmu1
Ign:57 https://deb.debian.org/debian bookworm/main amd64 libabsl20220623 amd64 20220623.1-1+deb12u2
Ign:58 https://deb.debian.org/debian bookworm/main amd64 libalgorithm-diff-perl all 1.201-1
Ign:59 https://deb.debian.org/debian bookworm/main amd64 libalgorithm-diff-xs-perl amd64 0.04-8+b1
Ign:60 https://deb.debian.org/debian bookworm/main amd64 libalgorithm-merge-perl all 0.08-5
Ign:61 https://deb.debian.org/debian bookworm/main amd64 libaom3 amd64 3.6.0-1+deb12u2
Ign:62 https://deb.debian.org/debian bookworm/main amd64 libdav1d6 amd64 1.0.0-2+deb12u1
Ign:63 https://deb.debian.org/debian bookworm/main amd64 libgav1-1 amd64 0.18.0-1+b1
Ign:64 https://deb.debian.org/debian bookworm/main amd64 librav1e0 amd64 0.5.1-6
Ign:65 https://deb.debian.org/debian bookworm/main amd64 libsvtav1enc1 amd64 1.4.1+dfsg-1
Ign:66 https://deb.debian.org/debian bookworm/main amd64 libjpeg62-turbo amd64 1:2.1.5-2
Ign:67 https://deb.debian.org/debian bookworm/main amd64 libyuv0 amd64 0.0~git20230123.b2528b0-1
Ign:68 https://deb.debian.org/debian bookworm/main amd64 libavif15 amd64 0.11.1-1+deb12u1
Ign:69 https://deb.debian.org/debian bookworm/main amd64 libfontconfig1 amd64 2.14.1-4
Ign:70 https://deb.debian.org/debian bookworm/main amd64 libde265-0 amd64 1.0.11-1+deb12u2
Ign:71 https://deb.debian.org/debian bookworm/main amd64 libnuma1 amd64 2.0.16-1
Ign:72 https://deb.debian.org/debian bookworm/main amd64 libx265-199 amd64 3.5-2+b1
Ign:73 https://deb.debian.org/debian bookworm/main amd64 libheif1 amd64 1.15.1-1+deb12u1
Ign:74 https://deb.debian.org/debian bookworm/main amd64 libdeflate0 amd64 1.14-1
Ign:75 https://deb.debian.org/debian bookworm/main amd64 libjbig0 amd64 2.1-6.1
Ign:76 https://deb.debian.org/debian bookworm/main amd64 liblerc4 amd64 4.0.0+ds-2
Ign:77 https://deb.debian.org/debian bookworm/main amd64 libwebp7 amd64 1.2.4-0.2+deb12u1
Ign:78 https://deb.debian.org/debian-security bookworm-security/main amd64 libtiff6 amd64 4.5.0-6+deb12u4
Ign:79 https://deb.debian.org/debian bookworm/main amd64 libxau6 amd64 1:1.0.9-1
Ign:80 https://deb.debian.org/debian bookworm/main amd64 libxdmcp6 amd64 1:1.1.2-3
Ign:81 https://deb.debian.org/debian bookworm/main amd64 libxcb1 amd64 1.15-1
Ign:82 https://deb.debian.org/debian bookworm/main amd64 libx11-data all 2:1.8.4-2+deb12u2
Ign:83 https://deb.debian.org/debian bookworm/main amd64 libx11-6 amd64 2:1.8.4-2+deb12u2
Ign:84 https://deb.debian.org/debian bookworm/main amd64 libxpm4 amd64 1:3.5.12-1.1+deb12u1
Ign:85 https://deb.debian.org/debian bookworm/main amd64 libgd3 amd64 2.3.3-9
Ign:86 https://deb.debian.org/debian bookworm/main amd64 libc-devtools amd64 2.36-9+deb12u13
Ign:87 https://deb.debian.org/debian bookworm/main amd64 libexpat1-dev amd64 2.5.0-1+deb12u2
Ign:88 https://deb.debian.org/debian bookworm/main amd64 libfile-fcntllock-perl amd64 0.22-4+b1
Ign:89 https://deb.debian.org/debian bookworm/main amd64 libjs-jquery all 3.6.1+dfsg+~3.5.14-1
Ign:90 https://deb.debian.org/debian bookworm/main amd64 libjs-underscore all 1.13.4~dfsg+~1.11.4-3
Ign:91 https://deb.debian.org/debian bookworm/main amd64 libjs-sphinxdoc all 5.3.0-4
Ign:92 https://deb.debian.org/debian bookworm/main amd64 libpython3.11 amd64 3.11.2-6+deb12u6
Ign:93 https://deb.debian.org/debian bookworm/main amd64 zlib1g-dev amd64 1:1.2.13.dfsg-1
Ign:94 https://deb.debian.org/debian bookworm/main amd64 libpython3.11-dev amd64 3.11.2-6+deb12u6
Ign:95 https://deb.debian.org/debian bookworm/main amd64 libpython3-dev amd64 3.11.2-1+b1
Ign:96 https://deb.debian.org/debian bookworm/main amd64 manpages-dev all 6.03-2
Ign:97 https://deb.debian.org/debian bookworm/main amd64 python3.11-dev amd64 3.11.2-6+deb12u6
Ign:98 https://deb.debian.org/debian bookworm/main amd64 python3-lib2to3 all 3.11.2-3
Ign:99 https://deb.debian.org/debian bookworm/main amd64 python3-distutils all 3.11.2-3
Ign:100 https://deb.debian.org/debian bookworm/main amd64 python3-dev amd64 3.11.2-1+b1
Ign:101 https://deb.debian.org/debian bookworm/main amd64 python3-setuptools all 66.1.1-1+deb12u2
Ign:102 https://deb.debian.org/debian bookworm/main amd64 python3-wheel all 0.38.4-2
Ign:103 https://deb.debian.org/debian bookworm/main amd64 python3-pip all 23.0.1+dfsg-1
Ign:104 https://deb.debian.org/debian bookworm/main amd64 python3-pip-whl all 23.0.1+dfsg-1
Ign:105 https://deb.debian.org/debian bookworm/main amd64 python3-setuptools-whl all 66.1.1-1+deb12u2
Ign:106 https://deb.debian.org/debian bookworm/main amd64 python3.11-venv amd64 3.11.2-6+deb12u6
Ign:107 https://deb.debian.org/debian bookworm/main amd64 python3-venv amd64 3.11.2-1+b1
Err:2 https://deb.debian.org/debian bookworm/main amd64 perl-modules-5.36 all 5.36.0-7+deb12u3
  Cannot initiate the connection to debian.map.fastly.net:443 (2a04:4e42::644). - connect (101: Network is unreachable) Cannot initiate the connection to debian.map.fastly.net:443 (2a04:4e42:200::644). - connect (101: Network is unreachable) Cannot initiate the connection to debian.map.fastly.net:443 (2a04:4e42:400::644). - connect (101: Network is unreachable) Cannot initiate the connection to debian.map.fastly.net:443 (2a04:4e42:600::644). - connect (101: Network is unreachable) Could not connect to debian.map.fastly.net:443 (151.101.2.132), connection timed out Could not connect to debian.map.fastly.net:443 (151.101.66.132), connection timed out Could not connect to debian.map.fastly.net:443 (151.101.130.132), connection timed out Could not connect to debian.map.fastly.net:443 (151.101.194.132), connection timed out Cannot initiate the connection to deb.debian.org:443 (2a04:4e42::644). - connect (101: Network is unreachable) Cannot initiate the connection to deb.debian.org:443 (2a04:4e42:200::644). - connect (101: Network is unreachable) Cannot initiate the connection to deb.debian.org:443 (2a04:4e42:400::644). - connect (101: Network is unreachable) Cannot initiate the connection to deb.debian.org:443 (2a04:4e42:600::644). - connect (101: Network is unreachable)
Err:3 https://deb.debian.org/debian bookworm/main amd64 libgdbm-compat4 amd64 1.23-3
  Cannot initiate the connection to deb.debian.org:443 (2a04:4e42::644). - connect (101: Network is unreachable) Cannot initiate the connection to deb.debian.org:443 (2a04:4e42:200::644). - connect (101: Network is unreachable) Cannot initiate the connection to deb.debian.org:443 (2a04:4e42:400::644). - connect (101: Network is unreachable) Cannot initiate the connection to deb.debian.org:443 (2a04:4e42:600::644). - connect (101: Network is unreachable)
Err:4 https://deb.debian.org/debian bookworm/main amd64 libperl5.36 amd64 5.36.0-7+deb12u3
  Cannot initiate the connection to deb.debian.org:443 (2a04:4e42::644). - connect (101: Network is unreachable) Cannot initiate the connection to deb.debian.org:443 (2a04:4e42:200::644). - connect (101: Network is unreachable) Cannot initiate the connection to deb.debian.org:443 (2a04:4e42:400::644). - connect (101: Network is unreachable) Cannot initiate the connection to deb.debian.org:443 (2a04:4e42:600::644). - connect (101: Network is unreachable)
Err:5 https://deb.debian.org/debian bookworm/main amd64 perl amd64 5.36.0-7+deb12u3
  Cannot initiate the connection to deb.debian.org:443 (2a04:4e42::644). - connect (101: Network is unreachable) Cannot initiate the connection to deb.debian.org:443 (2a04:4e42:200::644). - connect (101: Network is unreachable) Cannot initiate the connection to deb.debian.org:443 (2a04:4e42:400::644). - connect (101: Network is unreachable) Cannot initiate the connection to deb.debian.org:443 (2a04:4e42:600::644). - connect (101: Network is unreachable)
Err:6 https://deb.debian.org/debian bookworm/main amd64 liblocale-gettext-perl amd64 1.07-5
  Cannot initiate the connection to deb.debian.org:443 (2a04:4e42::644). - connect (101: Network is unreachable) Cannot initiate the connection to deb.debian.org:443 (2a04:4e42:200::644). - connect (101: Network is unreachable) Cannot initiate the connection to deb.debian.org:443 (2a04:4e42:400::644). - connect (101: Network is unreachable) Cannot initiate the connection to deb.debian.org:443 (2a04:4e42:600::644). - connect (101: Network is unreachable)
Err:7 https://deb.debian.org/debian bookworm/main amd64 bzip2 amd64 1.0.8-5+b1
  Cannot initiate the connection to deb.debian.org:443 (2a04:4e42::644). - connect (101: Network is unreachable) Cannot initiate the connection to deb.debian.org:443 (2a04:4e42:200::644). - connect (101: Network is unreachable) Cannot initiate the connection to deb.debian.org:443 (2a04:4e42:400::644). - connect (101: Network is unreachable) Cannot initiate the connection to deb.debian.org:443 (2a04:4e42:600::644). - connect (101: Network is unreachable)
Err:8 https://deb.debian.org/debian bookworm/main amd64 binutils-common amd64 2.40-2
  Cannot initiate the connection to deb.debian.org:443 (2a04:4e42::644). - connect (101: Network is unreachable) Cannot initiate the connection to deb.debian.org:443 (2a04:4e42:200::644). - connect (101: Network is unreachable) Cannot initiate the connection to deb.debian.org:443 (2a04:4e42:400::644). - connect (101: Network is unreachable) Cannot initiate the connection to deb.debian.org:443 (2a04:4e42:600::644). - connect (101: Network is unreachable)
Err:9 https://deb.debian.org/debian bookworm/main amd64 libbinutils amd64 2.40-2
  Cannot initiate the connection to deb.debian.org:443 (2a04:4e42::644). - connect (101: Network is unreachable) Cannot initiate the connection to deb.debian.org:443 (2a04:4e42:200::644). - connect (101: Network is unreachable) Cannot initiate the connection to deb.debian.org:443 (2a04:4e42:400::644). - connect (101: Network is unreachable) Cannot initiate the connection to deb.debian.org:443 (2a04:4e42:600::644). - connect (101: Network is unreachable)
Err:10 https://deb.debian.org/debian bookworm/main amd64 libctf-nobfd0 amd64 2.40-2
  Cannot initiate the connection to deb.debian.org:443 (2a04:4e42::644). - connect (101: Network is unreachable) Cannot initiate the connection to deb.debian.org:443 (2a04:4e42:200::644). - connect (101: Network is unreachable) Cannot initiate the connection to deb.debian.org:443 (2a04:4e42:400::644). - connect (101: Network is unreachable) Cannot initiate the connection to deb.debian.org:443 (2a04:4e42:600::644). - connect (101: Network is unreachable)
Err:11 https://deb.debian.org/debian bookworm/main amd64 libctf0 amd64 2.40-2
  Cannot initiate the connection to deb.debian.org:443 (2a04:4e42::644). - connect (101: Network is unreachable) Cannot initiate the connection to deb.debian.org:443 (2a04:4e42:200::644). - connect (101: Network is unreachable) Cannot initiate the connection to deb.debian.org:443 (2a04:4e42:400::644). - connect (101: Network is unreachable) Cannot initiate the connection to deb.debian.org:443 (2a04:4e42:600::644). - connect (101: Network is unreachable)
Err:12 https://deb.debian.org/debian bookworm/main amd64 libgprofng0 amd64 2.40-2
  Cannot initiate the connection to deb.debian.org:443 (2a04:4e42::644). - connect (101: Network is unreachable) Cannot initiate the connection to deb.debian.org:443 (2a04:4e42:200::644). - connect (101: Network is unreachable) Cannot initiate the connection to deb.debian.org:443 (2a04:4e42:400::644). - connect (101: Network is unreachable) Cannot initiate the connection to deb.debian.org:443 (2a04:4e42:600::644). - connect (101: Network is unreachable)
Err:13 https://deb.debian.org/debian bookworm/main amd64 libjansson4 amd64 2.14-2
  Cannot initiate the connection to deb.debian.org:443 (2a04:4e42::644). - connect (101: Network is unreachable) Cannot initiate the connection to deb.debian.org:443 (2a04:4e42:200::644). - connect (101: Network is unreachable) Cannot initiate the connection to deb.debian.org:443 (2a04:4e42:400::644). - connect (101: Network is unreachable) Cannot initiate the connection to deb.debian.org:443 (2a04:4e42:600::644). - connect (101: Network is unreachable)
Err:14 https://deb.debian.org/debian bookworm/main amd64 binutils-x86-64-linux-gnu amd64 2.40-2
  Cannot initiate the connection to deb.debian.org:443 (2a04:4e42::644). - connect (101: Network is unreachable) Cannot initiate the connection to deb.debian.org:443 (2a04:4e42:200::644). - connect (101: Network is unreachable) Cannot initiate the connection to deb.debian.org:443 (2a04:4e42:400::644). - connect (101: Network is unreachable) Cannot initiate the connection to deb.debian.org:443 (2a04:4e42:600::644). - connect (101: Network is unreachable)
Err:15 https://deb.debian.org/debian bookworm/main amd64 binutils amd64 2.40-2
  Cannot initiate the connection to deb.debian.org:443 (2a04:4e42::644). - connect (101: Network is unreachable) Cannot initiate the connection to deb.debian.org:443 (2a04:4e42:200::644). - connect (101: Network is unreachable) Cannot initiate the connection to deb.debian.org:443 (2a04:4e42:400::644). - connect (101: Network is unreachable) Cannot initiate the connection to deb.debian.org:443 (2a04:4e42:600::644). - connect (101: Network is unreachable)
Err:16 https://deb.debian.org/debian bookworm/main amd64 libc-dev-bin amd64 2.36-9+deb12u13
  Cannot initiate the connection to deb.debian.org:443 (2a04:4e42::644). - connect (101: Network is unreachable) Cannot initiate the connection to deb.debian.org:443 (2a04:4e42:200::644). - connect (101: Network is unreachable) Cannot initiate the connection to deb.debian.org:443 (2a04:4e42:400::644). - connect (101: Network is unreachable) Cannot initiate the connection to deb.debian.org:443 (2a04:4e42:600::644). - connect (101: Network is unreachable)
Err:17 https://deb.debian.org/debian bookworm/main amd64 libcrypt-dev amd64 1:4.4.33-2
  Cannot initiate the connection to deb.debian.org:443 (2a04:4e42::644). - connect (101: Network is unreachable) Cannot initiate the connection to deb.debian.org:443 (2a04:4e42:200::644). - connect (101: Network is unreachable) Cannot initiate the connection to deb.debian.org:443 (2a04:4e42:400::644). - connect (101: Network is unreachable) Cannot initiate the connection to deb.debian.org:443 (2a04:4e42:600::644). - connect (101: Network is unreachable)
Err:18 https://deb.debian.org/debian bookworm/main amd64 libtirpc-dev amd64 1.3.3+ds-1
  Cannot initiate the connection to deb.debian.org:443 (2a04:4e42::644). - connect (101: Network is unreachable) Cannot initiate the connection to deb.debian.org:443 (2a04:4e42:200::644). - connect (101: Network is unreachable) Cannot initiate the connection to deb.debian.org:443 (2a04:4e42:400::644). - connect (101: Network is unreachable) Cannot initiate the connection to deb.debian.org:443 (2a04:4e42:600::644). - connect (101: Network is unreachable)
Err:19 https://deb.debian.org/debian bookworm/main amd64 libnsl-dev amd64 1.3.0-2
  Cannot initiate the connection to deb.debian.org:443 (2a04:4e42::644). - connect (101: Network is unreachable) Cannot initiate the connection to deb.debian.org:443 (2a04:4e42:200::644). - connect (101: Network is unreachable) Cannot initiate the connection to deb.debian.org:443 (2a04:4e42:400::644). - connect (101: Network is unreachable) Cannot initiate the connection to deb.debian.org:443 (2a04:4e42:600::644). - connect (101: Network is unreachable)
Err:21 https://deb.debian.org/debian bookworm/main amd64 rpcsvc-proto amd64 1.4.3-1
  Cannot initiate the connection to deb.debian.org:443 (2a04:4e42::644). - connect (101: Network is unreachable) Cannot initiate the connection to deb.debian.org:443 (2a04:4e42:200::644). - connect (101: Network is unreachable) Cannot initiate the connection to deb.debian.org:443 (2a04:4e42:400::644). - connect (101: Network is unreachable) Cannot initiate the connection to deb.debian.org:443 (2a04:4e42:600::644). - connect (101: Network is unreachable)
Err:22 https://deb.debian.org/debian bookworm/main amd64 libc6-dev amd64 2.36-9+deb12u13
  Cannot initiate the connection to deb.debian.org:443 (2a04:4e42::644). - connect (101: Network is unreachable) Cannot initiate the connection to deb.debian.org:443 (2a04:4e42:200::644). - connect (101: Network is unreachable) Cannot initiate the connection to deb.debian.org:443 (2a04:4e42:400::644). - connect (101: Network is unreachable) Cannot initiate the connection to deb.debian.org:443 (2a04:4e42:600::644). - connect (101: Network is unreachable)
Err:23 https://deb.debian.org/debian bookworm/main amd64 libisl23 amd64 0.25-1.1
  Cannot initiate the connection to deb.debian.org:443 (2a04:4e42::644). - connect (101: Network is unreachable) Cannot initiate the connection to deb.debian.org:443 (2a04:4e42:200::644). - connect (101: Network is unreachable) Cannot initiate the connection to deb.debian.org:443 (2a04:4e42:400::644). - connect (101: Network is unreachable) Cannot initiate the connection to deb.debian.org:443 (2a04:4e42:600::644). - connect (101: Network is unreachable)
Err:24 https://deb.debian.org/debian bookworm/main amd64 libmpfr6 amd64 4.2.0-1
  Cannot initiate the connection to deb.debian.org:443 (2a04:4e42::644). - connect (101: Network is unreachable) Cannot initiate the connection to deb.debian.org:443 (2a04:4e42:200::644). - connect (101: Network is unreachable) Cannot initiate the connection to deb.debian.org:443 (2a04:4e42:400::644). - connect (101: Network is unreachable) Cannot initiate the connection to deb.debian.org:443 (2a04:4e42:600::644). - connect (101: Network is unreachable)
Err:25 https://deb.debian.org/debian bookworm/main amd64 libmpc3 amd64 1.3.1-1
  Cannot initiate the connection to deb.debian.org:443 (2a04:4e42::644). - connect (101: Network is unreachable) Cannot initiate the connection to deb.debian.org:443 (2a04:4e42:200::644). - connect (101: Network is unreachable) Cannot initiate the connection to deb.debian.org:443 (2a04:4e42:400::644). - connect (101: Network is unreachable) Cannot initiate the connection to deb.debian.org:443 (2a04:4e42:600::644). - connect (101: Network is unreachable)
Err:26 https://deb.debian.org/debian bookworm/main amd64 cpp-12 amd64 12.2.0-14+deb12u1
  Cannot initiate the connection to deb.debian.org:443 (2a04:4e42::644). - connect (101: Network is unreachable) Cannot initiate the connection to deb.debian.org:443 (2a04:4e42:200::644). - connect (101: Network is unreachable) Cannot initiate the connection to deb.debian.org:443 (2a04:4e42:400::644). - connect (101: Network is unreachable) Cannot initiate the connection to deb.debian.org:443 (2a04:4e42:600::644). - connect (101: Network is unreachable)
Err:27 https://deb.debian.org/debian bookworm/main amd64 cpp amd64 4:12.2.0-3
  Cannot initiate the connection to deb.debian.org:443 (2a04:4e42::644). - connect (101: Network is unreachable) Cannot initiate the connection to deb.debian.org:443 (2a04:4e42:200::644). - connect (101: Network is unreachable) Cannot initiate the connection to deb.debian.org:443 (2a04:4e42:400::644). - connect (101: Network is unreachable) Cannot initiate the connection to deb.debian.org:443 (2a04:4e42:600::644). - connect (101: Network is unreachable)
Err:28 https://deb.debian.org/debian bookworm/main amd64 libcc1-0 amd64 12.2.0-14+deb12u1
  Cannot initiate the connection to deb.debian.org:443 (2a04:4e42::644). - connect (101: Network is unreachable) Cannot initiate the connection to deb.debian.org:443 (2a04:4e42:200::644). - connect (101: Network is unreachable) Cannot initiate the connection to deb.debian.org:443 (2a04:4e42:400::644). - connect (101: Network is unreachable) Cannot initiate the connection to deb.debian.org:443 (2a04:4e42:600::644). - connect (101: Network is unreachable)
Err:29 https://deb.debian.org/debian bookworm/main amd64 libgomp1 amd64 12.2.0-14+deb12u1
  Cannot initiate the connection to deb.debian.org:443 (2a04:4e42::644). - connect (101: Network is unreachable) Cannot initiate the connection to deb.debian.org:443 (2a04:4e42:200::644). - connect (101: Network is unreachable) Cannot initiate the connection to deb.debian.org:443 (2a04:4e42:400::644). - connect (101: Network is unreachable) Cannot initiate the connection to deb.debian.org:443 (2a04:4e42:600::644). - connect (101: Network is unreachable)
Err:30 https://deb.debian.org/debian bookworm/main amd64 libitm1 amd64 12.2.0-14+deb12u1
  Cannot initiate the connection to deb.debian.org:443 (2a04:4e42::644). - connect (101: Network is unreachable) Cannot initiate the connection to deb.debian.org:443 (2a04:4e42:200::644). - connect (101: Network is unreachable) Cannot initiate the connection to deb.debian.org:443 (2a04:4e42:400::644). - connect (101: Network is unreachable) Cannot initiate the connection to deb.debian.org:443 (2a04:4e42:600::644). - connect (101: Network is unreachable)
Err:31 https://deb.debian.org/debian bookworm/main amd64 libatomic1 amd64 12.2.0-14+deb12u1
  Cannot initiate the connection to deb.debian.org:443 (2a04:4e42::644). - connect (101: Network is unreachable) Cannot initiate the connection to deb.debian.org:443 (2a04:4e42:200::644). - connect (101: Network is unreachable) Cannot initiate the connection to deb.debian.org:443 (2a04:4e42:400::644). - connect (101: Network is unreachable) Cannot initiate the connection to deb.debian.org:443 (2a04:4e42:600::644). - connect (101: Network is unreachable)
Err:32 https://deb.debian.org/debian bookworm/main amd64 libasan8 amd64 12.2.0-14+deb12u1
  Cannot initiate the connection to deb.debian.org:443 (2a04:4e42::644). - connect (101: Network is unreachable) Cannot initiate the connection to deb.debian.org:443 (2a04:4e42:200::644). - connect (101: Network is unreachable) Cannot initiate the connection to deb.debian.org:443 (2a04:4e42:400::644). - connect (101: Network is unreachable) Cannot initiate the connection to deb.debian.org:443 (2a04:4e42:600::644). - connect (101: Network is unreachable)
Err:33 https://deb.debian.org/debian bookworm/main amd64 liblsan0 amd64 12.2.0-14+deb12u1
  Cannot initiate the connection to deb.debian.org:443 (2a04:4e42::644). - connect (101: Network is unreachable) Cannot initiate the connection to deb.debian.org:443 (2a04:4e42:200::644). - connect (101: Network is unreachable) Cannot initiate the connection to deb.debian.org:443 (2a04:4e42:400::644). - connect (101: Network is unreachable) Cannot initiate the connection to deb.debian.org:443 (2a04:4e42:600::644). - connect (101: Network is unreachable)
Err:34 https://deb.debian.org/debian bookworm/main amd64 libtsan2 amd64 12.2.0-14+deb12u1
  Cannot initiate the connection to deb.debian.org:443 (2a04:4e42::644). - connect (101: Network is unreachable) Cannot initiate the connection to deb.debian.org:443 (2a04:4e42:200::644). - connect (101: Network is unreachable) Cannot initiate the connection to deb.debian.org:443 (2a04:4e42:400::644). - connect (101: Network is unreachable) Cannot initiate the connection to deb.debian.org:443 (2a04:4e42:600::644). - connect (101: Network is unreachable)
Err:35 https://deb.debian.org/debian-security bookworm-security/main amd64 linux-libc-dev amd64 6.1.170-3
  Cannot initiate the connection to deb.debian.org:443 (2a04:4e42::644). - connect (101: Network is unreachable) Cannot initiate the connection to deb.debian.org:443 (2a04:4e42:200::644). - connect (101: Network is unreachable) Cannot initiate the connection to deb.debian.org:443 (2a04:4e42:400::644). - connect (101: Network is unreachable) Cannot initiate the connection to deb.debian.org:443 (2a04:4e42:600::644). - connect (101: Network is unreachable)
Err:36 https://deb.debian.org/debian bookworm/main amd64 libubsan1 amd64 12.2.0-14+deb12u1
  Cannot initiate the connection to deb.debian.org:443 (2a04:4e42::644). - connect (101: Network is unreachable) Cannot initiate the connection to deb.debian.org:443 (2a04:4e42:200::644). - connect (101: Network is unreachable) Cannot initiate the connection to deb.debian.org:443 (2a04:4e42:400::644). - connect (101: Network is unreachable) Cannot initiate the connection to deb.debian.org:443 (2a04:4e42:600::644). - connect (101: Network is unreachable)
Err:37 https://deb.debian.org/debian bookworm/main amd64 libquadmath0 amd64 12.2.0-14+deb12u1
  Cannot initiate the connection to deb.debian.org:443 (2a04:4e42::644). - connect (101: Network is unreachable) Cannot initiate the connection to deb.debian.org:443 (2a04:4e42:200::644). - connect (101: Network is unreachable) Cannot initiate the connection to deb.debian.org:443 (2a04:4e42:400::644). - connect (101: Network is unreachable) Cannot initiate the connection to deb.debian.org:443 (2a04:4e42:600::644). - connect (101: Network is unreachable)
Err:38 https://deb.debian.org/debian bookworm/main amd64 libgcc-12-dev amd64 12.2.0-14+deb12u1
  Cannot initiate the connection to deb.debian.org:443 (2a04:4e42::644). - connect (101: Network is unreachable) Cannot initiate the connection to deb.debian.org:443 (2a04:4e42:200::644). - connect (101: Network is unreachable) Cannot initiate the connection to deb.debian.org:443 (2a04:4e42:400::644). - connect (101: Network is unreachable) Cannot initiate the connection to deb.debian.org:443 (2a04:4e42:600::644). - connect (101: Network is unreachable)
Err:39 https://deb.debian.org/debian bookworm/main amd64 gcc-12 amd64 12.2.0-14+deb12u1
  Cannot initiate the connection to deb.debian.org:443 (2a04:4e42::644). - connect (101: Network is unreachable) Cannot initiate the connection to deb.debian.org:443 (2a04:4e42:200::644). - connect (101: Network is unreachable) Cannot initiate the connection to deb.debian.org:443 (2a04:4e42:400::644). - connect (101: Network is unreachable) Cannot initiate the connection to deb.debian.org:443 (2a04:4e42:600::644). - connect (101: Network is unreachable)
Err:40 https://deb.debian.org/debian bookworm/main amd64 gcc amd64 4:12.2.0-3
  Cannot initiate the connection to deb.debian.org:443 (2a04:4e42::644). - connect (101: Network is unreachable) Cannot initiate the connection to deb.debian.org:443 (2a04:4e42:200::644). - connect (101: Network is unreachable) Cannot initiate the connection to deb.debian.org:443 (2a04:4e42:400::644). - connect (101: Network is unreachable) Cannot initiate the connection to deb.debian.org:443 (2a04:4e42:600::644). - connect (101: Network is unreachable)
Err:41 https://deb.debian.org/debian bookworm/main amd64 libstdc++-12-dev amd64 12.2.0-14+deb12u1
  Cannot initiate the connection to deb.debian.org:443 (2a04:4e42::644). - connect (101: Network is unreachable) Cannot initiate the connection to deb.debian.org:443 (2a04:4e42:200::644). - connect (101: Network is unreachable) Cannot initiate the connection to deb.debian.org:443 (2a04:4e42:400::644). - connect (101: Network is unreachable) Cannot initiate the connection to deb.debian.org:443 (2a04:4e42:600::644). - connect (101: Network is unreachable)
Err:42 https://deb.debian.org/debian bookworm/main amd64 g++-12 amd64 12.2.0-14+deb12u1
  Cannot initiate the connection to deb.debian.org:443 (2a04:4e42::644). - connect (101: Network is unreachable) Cannot initiate the connection to deb.debian.org:443 (2a04:4e42:200::644). - connect (101: Network is unreachable) Cannot initiate the connection to deb.debian.org:443 (2a04:4e42:400::644). - connect (101: Network is unreachable) Cannot initiate the connection to deb.debian.org:443 (2a04:4e42:600::644). - connect (101: Network is unreachable)
Err:43 https://deb.debian.org/debian bookworm/main amd64 g++ amd64 4:12.2.0-3
  Cannot initiate the connection to deb.debian.org:443 (2a04:4e42::644). - connect (101: Network is unreachable) Cannot initiate the connection to deb.debian.org:443 (2a04:4e42:200::644). - connect (101: Network is unreachable) Cannot initiate the connection to deb.debian.org:443 (2a04:4e42:400::644). - connect (101: Network is unreachable) Cannot initiate the connection to deb.debian.org:443 (2a04:4e42:600::644). - connect (101: Network is unreachable)
Err:44 https://deb.debian.org/debian bookworm/main amd64 make amd64 4.3-4.1
  Cannot initiate the connection to deb.debian.org:443 (2a04:4e42::644). - connect (101: Network is unreachable) Cannot initiate the connection to deb.debian.org:443 (2a04:4e42:200::644). - connect (101: Network is unreachable) Cannot initiate the connection to deb.debian.org:443 (2a04:4e42:400::644). - connect (101: Network is unreachable) Cannot initiate the connection to deb.debian.org:443 (2a04:4e42:600::644). - connect (101: Network is unreachable)
Err:45 https://deb.debian.org/debian bookworm/main amd64 libdpkg-perl all 1.21.22
  Cannot initiate the connection to deb.debian.org:443 (2a04:4e42::644). - connect (101: Network is unreachable) Cannot initiate the connection to deb.debian.org:443 (2a04:4e42:200::644). - connect (101: Network is unreachable) Cannot initiate the connection to deb.debian.org:443 (2a04:4e42:400::644). - connect (101: Network is unreachable) Cannot initiate the connection to deb.debian.org:443 (2a04:4e42:600::644). - connect (101: Network is unreachable)
Err:46 https://deb.debian.org/debian bookworm/main amd64 patch amd64 2.7.6-7
  Cannot initiate the connection to deb.debian.org:443 (2a04:4e42::644). - connect (101: Network is unreachable) Cannot initiate the connection to deb.debian.org:443 (2a04:4e42:200::644). - connect (101: Network is unreachable) Cannot initiate the connection to deb.debian.org:443 (2a04:4e42:400::644). - connect (101: Network is unreachable) Cannot initiate the connection to deb.debian.org:443 (2a04:4e42:600::644). - connect (101: Network is unreachable)
Err:47 https://deb.debian.org/debian bookworm/main amd64 dpkg-dev all 1.21.22
  Cannot initiate the connection to deb.debian.org:443 (2a04:4e42::644). - connect (101: Network is unreachable) Cannot initiate the connection to deb.debian.org:443 (2a04:4e42:200::644). - connect (101: Network is unreachable) Cannot initiate the connection to deb.debian.org:443 (2a04:4e42:400::644). - connect (101: Network is unreachable) Cannot initiate the connection to deb.debian.org:443 (2a04:4e42:600::644). - connect (101: Network is unreachable)
Err:48 https://deb.debian.org/debian bookworm/main amd64 build-essential amd64 12.9
  Cannot initiate the connection to deb.debian.org:443 (2a04:4e42::644). - connect (101: Network is unreachable) Cannot initiate the connection to deb.debian.org:443 (2a04:4e42:200::644). - connect (101: Network is unreachable) Cannot initiate the connection to deb.debian.org:443 (2a04:4e42:400::644). - connect (101: Network is unreachable) Cannot initiate the connection to deb.debian.org:443 (2a04:4e42:600::644). - connect (101: Network is unreachable)
Err:49 https://deb.debian.org/debian bookworm/main amd64 libfakeroot amd64 1.31-1.2
  Cannot initiate the connection to deb.debian.org:443 (2a04:4e42::644). - connect (101: Network is unreachable) Cannot initiate the connection to deb.debian.org:443 (2a04:4e42:200::644). - connect (101: Network is unreachable) Cannot initiate the connection to deb.debian.org:443 (2a04:4e42:400::644). - connect (101: Network is unreachable) Cannot initiate the connection to deb.debian.org:443 (2a04:4e42:600::644). - connect (101: Network is unreachable)
Err:50 https://deb.debian.org/debian bookworm/main amd64 fakeroot amd64 1.31-1.2
  Cannot initiate the connection to deb.debian.org:443 (2a04:4e42::644). - connect (101: Network is unreachable) Cannot initiate the connection to deb.debian.org:443 (2a04:4e42:200::644). - connect (101: Network is unreachable) Cannot initiate the connection to deb.debian.org:443 (2a04:4e42:400::644). - connect (101: Network is unreachable) Cannot initiate the connection to deb.debian.org:443 (2a04:4e42:600::644). - connect (101: Network is unreachable)
Err:51 https://deb.debian.org/debian bookworm/main amd64 fonts-dejavu-core all 2.37-6
  Cannot initiate the connection to deb.debian.org:443 (2a04:4e42::644). - connect (101: Network is unreachable) Cannot initiate the connection to deb.debian.org:443 (2a04:4e42:200::644). - connect (101: Network is unreachable) Cannot initiate the connection to deb.debian.org:443 (2a04:4e42:400::644). - connect (101: Network is unreachable) Cannot initiate the connection to deb.debian.org:443 (2a04:4e42:600::644). - connect (101: Network is unreachable)
Err:52 https://deb.debian.org/debian bookworm/main amd64 fontconfig-config amd64 2.14.1-4
  Cannot initiate the connection to deb.debian.org:443 (2a04:4e42::644). - connect (101: Network is unreachable) Cannot initiate the connection to deb.debian.org:443 (2a04:4e42:200::644). - connect (101: Network is unreachable) Cannot initiate the connection to deb.debian.org:443 (2a04:4e42:400::644). - connect (101: Network is unreachable) Cannot initiate the connection to deb.debian.org:443 (2a04:4e42:600::644). - connect (101: Network is unreachable)
Err:53 https://deb.debian.org/debian bookworm/main amd64 liberror-perl all 0.17029-2
  Cannot initiate the connection to deb.debian.org:443 (2a04:4e42::644). - connect (101: Network is unreachable) Cannot initiate the connection to deb.debian.org:443 (2a04:4e42:200::644). - connect (101: Network is unreachable) Cannot initiate the connection to deb.debian.org:443 (2a04:4e42:400::644). - connect (101: Network is unreachable) Cannot initiate the connection to deb.debian.org:443 (2a04:4e42:600::644). - connect (101: Network is unreachable)
Err:54 https://deb.debian.org/debian bookworm/main amd64 git-man all 1:2.39.5-0+deb12u3
  Cannot initiate the connection to deb.debian.org:443 (2a04:4e42::644). - connect (101: Network is unreachable) Cannot initiate the connection to deb.debian.org:443 (2a04:4e42:200::644). - connect (101: Network is unreachable) Cannot initiate the connection to deb.debian.org:443 (2a04:4e42:400::644). - connect (101: Network is unreachable) Cannot initiate the connection to deb.debian.org:443 (2a04:4e42:600::644). - connect (101: Network is unreachable)
Err:55 https://deb.debian.org/debian bookworm/main amd64 git amd64 1:2.39.5-0+deb12u3
  Cannot initiate the connection to deb.debian.org:443 (2a04:4e42::644). - connect (101: Network is unreachable) Cannot initiate the connection to deb.debian.org:443 (2a04:4e42:200::644). - connect (101: Network is unreachable) Cannot initiate the connection to deb.debian.org:443 (2a04:4e42:400::644). - connect (101: Network is unreachable) Cannot initiate the connection to deb.debian.org:443 (2a04:4e42:600::644). - connect (101: Network is unreachable)
Err:56 https://deb.debian.org/debian bookworm/main amd64 javascript-common all 11+nmu1
  Cannot initiate the connection to deb.debian.org:443 (2a04:4e42::644). - connect (101: Network is unreachable) Cannot initiate the connection to deb.debian.org:443 (2a04:4e42:200::644). - connect (101: Network is unreachable) Cannot initiate the connection to deb.debian.org:443 (2a04:4e42:400::644). - connect (101: Network is unreachable) Cannot initiate the connection to deb.debian.org:443 (2a04:4e42:600::644). - connect (101: Network is unreachable)
Err:57 https://deb.debian.org/debian bookworm/main amd64 libabsl20220623 amd64 20220623.1-1+deb12u2
  Cannot initiate the connection to deb.debian.org:443 (2a04:4e42::644). - connect (101: Network is unreachable) Cannot initiate the connection to deb.debian.org:443 (2a04:4e42:200::644). - connect (101: Network is unreachable) Cannot initiate the connection to deb.debian.org:443 (2a04:4e42:400::644). - connect (101: Network is unreachable) Cannot initiate the connection to deb.debian.org:443 (2a04:4e42:600::644). - connect (101: Network is unreachable)
Err:58 https://deb.debian.org/debian bookworm/main amd64 libalgorithm-diff-perl all 1.201-1
  Cannot initiate the connection to deb.debian.org:443 (2a04:4e42::644). - connect (101: Network is unreachable) Cannot initiate the connection to deb.debian.org:443 (2a04:4e42:200::644). - connect (101: Network is unreachable) Cannot initiate the connection to deb.debian.org:443 (2a04:4e42:400::644). - connect (101: Network is unreachable) Cannot initiate the connection to deb.debian.org:443 (2a04:4e42:600::644). - connect (101: Network is unreachable)
Err:59 https://deb.debian.org/debian bookworm/main amd64 libalgorithm-diff-xs-perl amd64 0.04-8+b1
  Cannot initiate the connection to deb.debian.org:443 (2a04:4e42::644). - connect (101: Network is unreachable) Cannot initiate the connection to deb.debian.org:443 (2a04:4e42:200::644). - connect (101: Network is unreachable) Cannot initiate the connection to deb.debian.org:443 (2a04:4e42:400::644). - connect (101: Network is unreachable) Cannot initiate the connection to deb.debian.org:443 (2a04:4e42:600::644). - connect (101: Network is unreachable)
Err:60 https://deb.debian.org/debian bookworm/main amd64 libalgorithm-merge-perl all 0.08-5
  Cannot initiate the connection to deb.debian.org:443 (2a04:4e42::644). - connect (101: Network is unreachable) Cannot initiate the connection to deb.debian.org:443 (2a04:4e42:200::644). - connect (101: Network is unreachable) Cannot initiate the connection to deb.debian.org:443 (2a04:4e42:400::644). - connect (101: Network is unreachable) Cannot initiate the connection to deb.debian.org:443 (2a04:4e42:600::644). - connect (101: Network is unreachable)
Err:61 https://deb.debian.org/debian bookworm/main amd64 libaom3 amd64 3.6.0-1+deb12u2
  Cannot initiate the connection to deb.debian.org:443 (2a04:4e42::644). - connect (101: Network is unreachable) Cannot initiate the connection to deb.debian.org:443 (2a04:4e42:200::644). - connect (101: Network is unreachable) Cannot initiate the connection to deb.debian.org:443 (2a04:4e42:400::644). - connect (101: Network is unreachable) Cannot initiate the connection to deb.debian.org:443 (2a04:4e42:600::644). - connect (101: Network is unreachable)
Ign:62 https://deb.debian.org/debian bookworm/main amd64 libdav1d6 amd64 1.0.0-2+deb12u1
Err:63 https://deb.debian.org/debian bookworm/main amd64 libgav1-1 amd64 0.18.0-1+b1
  Cannot initiate the connection to deb.debian.org:443 (2a04:4e42::644). - connect (101: Network is unreachable) Cannot initiate the connection to deb.debian.org:443 (2a04:4e42:200::644). - connect (101: Network is unreachable) Cannot initiate the connection to deb.debian.org:443 (2a04:4e42:400::644). - connect (101: Network is unreachable) Cannot initiate the connection to deb.debian.org:443 (2a04:4e42:600::644). - connect (101: Network is unreachable)
Err:64 https://deb.debian.org/debian bookworm/main amd64 librav1e0 amd64 0.5.1-6
  Cannot initiate the connection to deb.debian.org:443 (2a04:4e42::644). - connect (101: Network is unreachable) Cannot initiate the connection to deb.debian.org:443 (2a04:4e42:200::644). - connect (101: Network is unreachable) Cannot initiate the connection to deb.debian.org:443 (2a04:4e42:400::644). - connect (101: Network is unreachable) Cannot initiate the connection to deb.debian.org:443 (2a04:4e42:600::644). - connect (101: Network is unreachable)
Err:65 https://deb.debian.org/debian bookworm/main amd64 libsvtav1enc1 amd64 1.4.1+dfsg-1
  Cannot initiate the connection to deb.debian.org:443 (2a04:4e42::644). - connect (101: Network is unreachable) Cannot initiate the connection to deb.debian.org:443 (2a04:4e42:200::644). - connect (101: Network is unreachable) Cannot initiate the connection to deb.debian.org:443 (2a04:4e42:400::644). - connect (101: Network is unreachable) Cannot initiate the connection to deb.debian.org:443 (2a04:4e42:600::644). - connect (101: Network is unreachable)
Err:66 https://deb.debian.org/debian bookworm/main amd64 libjpeg62-turbo amd64 1:2.1.5-2
  Cannot initiate the connection to deb.debian.org:443 (2a04:4e42::644). - connect (101: Network is unreachable) Cannot initiate the connection to deb.debian.org:443 (2a04:4e42:200::644). - connect (101: Network is unreachable) Cannot initiate the connection to deb.debian.org:443 (2a04:4e42:400::644). - connect (101: Network is unreachable) Cannot initiate the connection to deb.debian.org:443 (2a04:4e42:600::644). - connect (101: Network is unreachable)
Err:67 https://deb.debian.org/debian bookworm/main amd64 libyuv0 amd64 0.0~git20230123.b2528b0-1
  Cannot initiate the connection to deb.debian.org:443 (2a04:4e42::644). - connect (101: Network is unreachable) Cannot initiate the connection to deb.debian.org:443 (2a04:4e42:200::644). - connect (101: Network is unreachable) Cannot initiate the connection to deb.debian.org:443 (2a04:4e42:400::644). - connect (101: Network is unreachable) Cannot initiate the connection to deb.debian.org:443 (2a04:4e42:600::644). - connect (101: Network is unreachable)
Ign:68 https://deb.debian.org/debian bookworm/main amd64 libavif15 amd64 0.11.1-1+deb12u1
Err:69 https://deb.debian.org/debian bookworm/main amd64 libfontconfig1 amd64 2.14.1-4
  Cannot initiate the connection to deb.debian.org:443 (2a04:4e42::644). - connect (101: Network is unreachable) Cannot initiate the connection to deb.debian.org:443 (2a04:4e42:200::644). - connect (101: Network is unreachable) Cannot initiate the connection to deb.debian.org:443 (2a04:4e42:400::644). - connect (101: Network is unreachable) Cannot initiate the connection to deb.debian.org:443 (2a04:4e42:600::644). - connect (101: Network is unreachable)
Err:70 https://deb.debian.org/debian bookworm/main amd64 libde265-0 amd64 1.0.11-1+deb12u2
  Cannot initiate the connection to deb.debian.org:443 (2a04:4e42::644). - connect (101: Network is unreachable) Cannot initiate the connection to deb.debian.org:443 (2a04:4e42:200::644). - connect (101: Network is unreachable) Cannot initiate the connection to deb.debian.org:443 (2a04:4e42:400::644). - connect (101: Network is unreachable) Cannot initiate the connection to deb.debian.org:443 (2a04:4e42:600::644). - connect (101: Network is unreachable)
Err:71 https://deb.debian.org/debian bookworm/main amd64 libnuma1 amd64 2.0.16-1
  Cannot initiate the connection to deb.debian.org:443 (2a04:4e42::644). - connect (101: Network is unreachable) Cannot initiate the connection to deb.debian.org:443 (2a04:4e42:200::644). - connect (101: Network is unreachable) Cannot initiate the connection to deb.debian.org:443 (2a04:4e42:400::644). - connect (101: Network is unreachable) Cannot initiate the connection to deb.debian.org:443 (2a04:4e42:600::644). - connect (101: Network is unreachable)
Err:72 https://deb.debian.org/debian bookworm/main amd64 libx265-199 amd64 3.5-2+b1
  Cannot initiate the connection to deb.debian.org:443 (2a04:4e42::644). - connect (101: Network is unreachable) Cannot initiate the connection to deb.debian.org:443 (2a04:4e42:200::644). - connect (101: Network is unreachable) Cannot initiate the connection to deb.debian.org:443 (2a04:4e42:400::644). - connect (101: Network is unreachable) Cannot initiate the connection to deb.debian.org:443 (2a04:4e42:600::644). - connect (101: Network is unreachable)
Err:62 https://deb.debian.org/debian bookworm/main amd64 libdav1d6 amd64 1.0.0-2+deb12u1
  Cannot initiate the connection to deb.debian.org:443 (2a04:4e42::644). - connect (101: Network is unreachable) Cannot initiate the connection to deb.debian.org:443 (2a04:4e42:200::644). - connect (101: Network is unreachable) Cannot initiate the connection to deb.debian.org:443 (2a04:4e42:400::644). - connect (101: Network is unreachable) Cannot initiate the connection to deb.debian.org:443 (2a04:4e42:600::644). - connect (101: Network is unreachable)
Ign:73 https://deb.debian.org/debian bookworm/main amd64 libheif1 amd64 1.15.1-1+deb12u1
Err:74 https://deb.debian.org/debian bookworm/main amd64 libdeflate0 amd64 1.14-1
  Cannot initiate the connection to deb.debian.org:443 (2a04:4e42::644). - connect (101: Network is unreachable) Cannot initiate the connection to deb.debian.org:443 (2a04:4e42:200::644). - connect (101: Network is unreachable) Cannot initiate the connection to deb.debian.org:443 (2a04:4e42:400::644). - connect (101: Network is unreachable) Cannot initiate the connection to deb.debian.org:443 (2a04:4e42:600::644). - connect (101: Network is unreachable)
Err:75 https://deb.debian.org/debian bookworm/main amd64 libjbig0 amd64 2.1-6.1
  Cannot initiate the connection to deb.debian.org:443 (2a04:4e42::644). - connect (101: Network is unreachable) Cannot initiate the connection to deb.debian.org:443 (2a04:4e42:200::644). - connect (101: Network is unreachable) Cannot initiate the connection to deb.debian.org:443 (2a04:4e42:400::644). - connect (101: Network is unreachable) Cannot initiate the connection to deb.debian.org:443 (2a04:4e42:600::644). - connect (101: Network is unreachable)
Err:76 https://deb.debian.org/debian bookworm/main amd64 liblerc4 amd64 4.0.0+ds-2
  Cannot initiate the connection to deb.debian.org:443 (2a04:4e42::644). - connect (101: Network is unreachable) Cannot initiate the connection to deb.debian.org:443 (2a04:4e42:200::644). - connect (101: Network is unreachable) Cannot initiate the connection to deb.debian.org:443 (2a04:4e42:400::644). - connect (101: Network is unreachable) Cannot initiate the connection to deb.debian.org:443 (2a04:4e42:600::644). - connect (101: Network is unreachable)
Ign:77 https://deb.debian.org/debian bookworm/main amd64 libwebp7 amd64 1.2.4-0.2+deb12u1
Err:68 https://deb.debian.org/debian bookworm/main amd64 libavif15 amd64 0.11.1-1+deb12u1
  Cannot initiate the connection to deb.debian.org:443 (2a04:4e42::644). - connect (101: Network is unreachable) Cannot initiate the connection to deb.debian.org:443 (2a04:4e42:200::644). - connect (101: Network is unreachable) Cannot initiate the connection to deb.debian.org:443 (2a04:4e42:400::644). - connect (101: Network is unreachable) Cannot initiate the connection to deb.debian.org:443 (2a04:4e42:600::644). - connect (101: Network is unreachable)
Err:78 https://deb.debian.org/debian-security bookworm-security/main amd64 libtiff6 amd64 4.5.0-6+deb12u4
  Cannot initiate the connection to deb.debian.org:443 (2a04:4e42::644). - connect (101: Network is unreachable) Cannot initiate the connection to deb.debian.org:443 (2a04:4e42:200::644). - connect (101: Network is unreachable) Cannot initiate the connection to deb.debian.org:443 (2a04:4e42:400::644). - connect (101: Network is unreachable) Cannot initiate the connection to deb.debian.org:443 (2a04:4e42:600::644). - connect (101: Network is unreachable)
Err:79 https://deb.debian.org/debian bookworm/main amd64 libxau6 amd64 1:1.0.9-1
  Cannot initiate the connection to deb.debian.org:443 (2a04:4e42::644). - connect (101: Network is unreachable) Cannot initiate the connection to deb.debian.org:443 (2a04:4e42:200::644). - connect (101: Network is unreachable) Cannot initiate the connection to deb.debian.org:443 (2a04:4e42:400::644). - connect (101: Network is unreachable) Cannot initiate the connection to deb.debian.org:443 (2a04:4e42:600::644). - connect (101: Network is unreachable)
Err:80 https://deb.debian.org/debian bookworm/main amd64 libxdmcp6 amd64 1:1.1.2-3
  Cannot initiate the connection to deb.debian.org:443 (2a04:4e42::644). - connect (101: Network is unreachable) Cannot initiate the connection to deb.debian.org:443 (2a04:4e42:200::644). - connect (101: Network is unreachable) Cannot initiate the connection to deb.debian.org:443 (2a04:4e42:400::644). - connect (101: Network is unreachable) Cannot initiate the connection to deb.debian.org:443 (2a04:4e42:600::644). - connect (101: Network is unreachable)
Err:81 https://deb.debian.org/debian bookworm/main amd64 libxcb1 amd64 1.15-1
  Cannot initiate the connection to deb.debian.org:443 (2a04:4e42::644). - connect (101: Network is unreachable) Cannot initiate the connection to deb.debian.org:443 (2a04:4e42:200::644). - connect (101: Network is unreachable) Cannot initiate the connection to deb.debian.org:443 (2a04:4e42:400::644). - connect (101: Network is unreachable) Cannot initiate the connection to deb.debian.org:443 (2a04:4e42:600::644). - connect (101: Network is unreachable)
Ign:82 https://deb.debian.org/debian bookworm/main amd64 libx11-data all 2:1.8.4-2+deb12u2
Ign:83 https://deb.debian.org/debian bookworm/main amd64 libx11-6 amd64 2:1.8.4-2+deb12u2
Ign:84 https://deb.debian.org/debian bookworm/main amd64 libxpm4 amd64 1:3.5.12-1.1+deb12u1
Err:85 https://deb.debian.org/debian bookworm/main amd64 libgd3 amd64 2.3.3-9
  Cannot initiate the connection to deb.debian.org:443 (2a04:4e42::644). - connect (101: Network is unreachable) Cannot initiate the connection to deb.debian.org:443 (2a04:4e42:200::644). - connect (101: Network is unreachable) Cannot initiate the connection to deb.debian.org:443 (2a04:4e42:400::644). - connect (101: Network is unreachable) Cannot initiate the connection to deb.debian.org:443 (2a04:4e42:600::644). - connect (101: Network is unreachable)
Err:86 https://deb.debian.org/debian bookworm/main amd64 libc-devtools amd64 2.36-9+deb12u13
  Cannot initiate the connection to deb.debian.org:443 (2a04:4e42::644). - connect (101: Network is unreachable) Cannot initiate the connection to deb.debian.org:443 (2a04:4e42:200::644). - connect (101: Network is unreachable) Cannot initiate the connection to deb.debian.org:443 (2a04:4e42:400::644). - connect (101: Network is unreachable) Cannot initiate the connection to deb.debian.org:443 (2a04:4e42:600::644). - connect (101: Network is unreachable)
Err:87 https://deb.debian.org/debian bookworm/main amd64 libexpat1-dev amd64 2.5.0-1+deb12u2
  Cannot initiate the connection to deb.debian.org:443 (2a04:4e42::644). - connect (101: Network is unreachable) Cannot initiate the connection to deb.debian.org:443 (2a04:4e42:200::644). - connect (101: Network is unreachable) Cannot initiate the connection to deb.debian.org:443 (2a04:4e42:400::644). - connect (101: Network is unreachable) Cannot initiate the connection to deb.debian.org:443 (2a04:4e42:600::644). - connect (101: Network is unreachable)
Err:88 https://deb.debian.org/debian bookworm/main amd64 libfile-fcntllock-perl amd64 0.22-4+b1
  Cannot initiate the connection to deb.debian.org:443 (2a04:4e42::644). - connect (101: Network is unreachable) Cannot initiate the connection to deb.debian.org:443 (2a04:4e42:200::644). - connect (101: Network is unreachable) Cannot initiate the connection to deb.debian.org:443 (2a04:4e42:400::644). - connect (101: Network is unreachable) Cannot initiate the connection to deb.debian.org:443 (2a04:4e42:600::644). - connect (101: Network is unreachable)
Err:73 https://deb.debian.org/debian bookworm/main amd64 libheif1 amd64 1.15.1-1+deb12u1
  Cannot initiate the connection to deb.debian.org:443 (2a04:4e42::644). - connect (101: Network is unreachable) Cannot initiate the connection to deb.debian.org:443 (2a04:4e42:200::644). - connect (101: Network is unreachable) Cannot initiate the connection to deb.debian.org:443 (2a04:4e42:400::644). - connect (101: Network is unreachable) Cannot initiate the connection to deb.debian.org:443 (2a04:4e42:600::644). - connect (101: Network is unreachable)
Err:89 https://deb.debian.org/debian bookworm/main amd64 libjs-jquery all 3.6.1+dfsg+~3.5.14-1
  Cannot initiate the connection to deb.debian.org:443 (2a04:4e42::644). - connect (101: Network is unreachable) Cannot initiate the connection to deb.debian.org:443 (2a04:4e42:200::644). - connect (101: Network is unreachable) Cannot initiate the connection to deb.debian.org:443 (2a04:4e42:400::644). - connect (101: Network is unreachable) Cannot initiate the connection to deb.debian.org:443 (2a04:4e42:600::644). - connect (101: Network is unreachable)
Err:77 https://deb.debian.org/debian bookworm/main amd64 libwebp7 amd64 1.2.4-0.2+deb12u1
  Cannot initiate the connection to deb.debian.org:443 (2a04:4e42::644). - connect (101: Network is unreachable) Cannot initiate the connection to deb.debian.org:443 (2a04:4e42:200::644). - connect (101: Network is unreachable) Cannot initiate the connection to deb.debian.org:443 (2a04:4e42:400::644). - connect (101: Network is unreachable) Cannot initiate the connection to deb.debian.org:443 (2a04:4e42:600::644). - connect (101: Network is unreachable)
Err:90 https://deb.debian.org/debian bookworm/main amd64 libjs-underscore all 1.13.4~dfsg+~1.11.4-3
  Cannot initiate the connection to deb.debian.org:443 (2a04:4e42::644). - connect (101: Network is unreachable) Cannot initiate the connection to deb.debian.org:443 (2a04:4e42:200::644). - connect (101: Network is unreachable) Cannot initiate the connection to deb.debian.org:443 (2a04:4e42:400::644). - connect (101: Network is unreachable) Cannot initiate the connection to deb.debian.org:443 (2a04:4e42:600::644). - connect (101: Network is unreachable)
Err:91 https://deb.debian.org/debian bookworm/main amd64 libjs-sphinxdoc all 5.3.0-4
  Cannot initiate the connection to deb.debian.org:443 (2a04:4e42::644). - connect (101: Network is unreachable) Cannot initiate the connection to deb.debian.org:443 (2a04:4e42:200::644). - connect (101: Network is unreachable) Cannot initiate the connection to deb.debian.org:443 (2a04:4e42:400::644). - connect (101: Network is unreachable) Cannot initiate the connection to deb.debian.org:443 (2a04:4e42:600::644). - connect (101: Network is unreachable)
Err:82 https://deb.debian.org/debian bookworm/main amd64 libx11-data all 2:1.8.4-2+deb12u2
  Cannot initiate the connection to deb.debian.org:443 (2a04:4e42::644). - connect (101: Network is unreachable) Cannot initiate the connection to deb.debian.org:443 (2a04:4e42:200::644). - connect (101: Network is unreachable) Cannot initiate the connection to deb.debian.org:443 (2a04:4e42:400::644). - connect (101: Network is unreachable) Cannot initiate the connection to deb.debian.org:443 (2a04:4e42:600::644). - connect (101: Network is unreachable)
Err:83 https://deb.debian.org/debian bookworm/main amd64 libx11-6 amd64 2:1.8.4-2+deb12u2
  Cannot initiate the connection to deb.debian.org:443 (2a04:4e42::644). - connect (101: Network is unreachable) Cannot initiate the connection to deb.debian.org:443 (2a04:4e42:200::644). - connect (101: Network is unreachable) Cannot initiate the connection to deb.debian.org:443 (2a04:4e42:400::644). - connect (101: Network is unreachable) Cannot initiate the connection to deb.debian.org:443 (2a04:4e42:600::644). - connect (101: Network is unreachable)
Err:92 https://deb.debian.org/debian bookworm/main amd64 libpython3.11 amd64 3.11.2-6+deb12u6
  Cannot initiate the connection to deb.debian.org:443 (2a04:4e42::644). - connect (101: Network is unreachable) Cannot initiate the connection to deb.debian.org:443 (2a04:4e42:200::644). - connect (101: Network is unreachable) Cannot initiate the connection to deb.debian.org:443 (2a04:4e42:400::644). - connect (101: Network is unreachable) Cannot initiate the connection to deb.debian.org:443 (2a04:4e42:600::644). - connect (101: Network is unreachable)
Err:84 https://deb.debian.org/debian bookworm/main amd64 libxpm4 amd64 1:3.5.12-1.1+deb12u1
  Cannot initiate the connection to deb.debian.org:443 (2a04:4e42::644). - connect (101: Network is unreachable) Cannot initiate the connection to deb.debian.org:443 (2a04:4e42:200::644). - connect (101: Network is unreachable) Cannot initiate the connection to deb.debian.org:443 (2a04:4e42:400::644). - connect (101: Network is unreachable) Cannot initiate the connection to deb.debian.org:443 (2a04:4e42:600::644). - connect (101: Network is unreachable)
Err:93 https://deb.debian.org/debian bookworm/main amd64 zlib1g-dev amd64 1:1.2.13.dfsg-1
  Cannot initiate the connection to deb.debian.org:443 (2a04:4e42::644). - connect (101: Network is unreachable) Cannot initiate the connection to deb.debian.org:443 (2a04:4e42:200::644). - connect (101: Network is unreachable) Cannot initiate the connection to deb.debian.org:443 (2a04:4e42:400::644). - connect (101: Network is unreachable) Cannot initiate the connection to deb.debian.org:443 (2a04:4e42:600::644). - connect (101: Network is unreachable)
Err:94 https://deb.debian.org/debian bookworm/main amd64 libpython3.11-dev amd64 3.11.2-6+deb12u6
  Cannot initiate the connection to deb.debian.org:443 (2a04:4e42::644). - connect (101: Network is unreachable) Cannot initiate the connection to deb.debian.org:443 (2a04:4e42:200::644). - connect (101: Network is unreachable) Cannot initiate the connection to deb.debian.org:443 (2a04:4e42:400::644). - connect (101: Network is unreachable) Cannot initiate the connection to deb.debian.org:443 (2a04:4e42:600::644). - connect (101: Network is unreachable)
Err:95 https://deb.debian.org/debian bookworm/main amd64 libpython3-dev amd64 3.11.2-1+b1
  Cannot initiate the connection to deb.debian.org:443 (2a04:4e42::644). - connect (101: Network is unreachable) Cannot initiate the connection to deb.debian.org:443 (2a04:4e42:200::644). - connect (101: Network is unreachable) Cannot initiate the connection to deb.debian.org:443 (2a04:4e42:400::644). - connect (101: Network is unreachable) Cannot initiate the connection to deb.debian.org:443 (2a04:4e42:600::644). - connect (101: Network is unreachable)
Err:96 https://deb.debian.org/debian bookworm/main amd64 manpages-dev all 6.03-2
  Cannot initiate the connection to deb.debian.org:443 (2a04:4e42::644). - connect (101: Network is unreachable) Cannot initiate the connection to deb.debian.org:443 (2a04:4e42:200::644). - connect (101: Network is unreachable) Cannot initiate the connection to deb.debian.org:443 (2a04:4e42:400::644). - connect (101: Network is unreachable) Cannot initiate the connection to deb.debian.org:443 (2a04:4e42:600::644). - connect (101: Network is unreachable)
Err:97 https://deb.debian.org/debian bookworm/main amd64 python3.11-dev amd64 3.11.2-6+deb12u6
  Cannot initiate the connection to deb.debian.org:443 (2a04:4e42::644). - connect (101: Network is unreachable) Cannot initiate the connection to deb.debian.org:443 (2a04:4e42:200::644). - connect (101: Network is unreachable) Cannot initiate the connection to deb.debian.org:443 (2a04:4e42:400::644). - connect (101: Network is unreachable) Cannot initiate the connection to deb.debian.org:443 (2a04:4e42:600::644). - connect (101: Network is unreachable)
Err:98 https://deb.debian.org/debian bookworm/main amd64 python3-lib2to3 all 3.11.2-3
  Cannot initiate the connection to deb.debian.org:443 (2a04:4e42::644). - connect (101: Network is unreachable) Cannot initiate the connection to deb.debian.org:443 (2a04:4e42:200::644). - connect (101: Network is unreachable) Cannot initiate the connection to deb.debian.org:443 (2a04:4e42:400::644). - connect (101: Network is unreachable) Cannot initiate the connection to deb.debian.org:443 (2a04:4e42:600::644). - connect (101: Network is unreachable)
Err:99 https://deb.debian.org/debian bookworm/main amd64 python3-distutils all 3.11.2-3
  Cannot initiate the connection to deb.debian.org:443 (2a04:4e42::644). - connect (101: Network is unreachable) Cannot initiate the connection to deb.debian.org:443 (2a04:4e42:200::644). - connect (101: Network is unreachable) Cannot initiate the connection to deb.debian.org:443 (2a04:4e42:400::644). - connect (101: Network is unreachable) Cannot initiate the connection to deb.debian.org:443 (2a04:4e42:600::644). - connect (101: Network is unreachable)
Err:100 https://deb.debian.org/debian bookworm/main amd64 python3-dev amd64 3.11.2-1+b1
  Cannot initiate the connection to deb.debian.org:443 (2a04:4e42::644). - connect (101: Network is unreachable) Cannot initiate the connection to deb.debian.org:443 (2a04:4e42:200::644). - connect (101: Network is unreachable) Cannot initiate the connection to deb.debian.org:443 (2a04:4e42:400::644). - connect (101: Network is unreachable) Cannot initiate the connection to deb.debian.org:443 (2a04:4e42:600::644). - connect (101: Network is unreachable)
Err:101 https://deb.debian.org/debian bookworm/main amd64 python3-setuptools all 66.1.1-1+deb12u2
  Cannot initiate the connection to deb.debian.org:443 (2a04:4e42::644). - connect (101: Network is unreachable) Cannot initiate the connection to deb.debian.org:443 (2a04:4e42:200::644). - connect (101: Network is unreachable) Cannot initiate the connection to deb.debian.org:443 (2a04:4e42:400::644). - connect (101: Network is unreachable) Cannot initiate the connection to deb.debian.org:443 (2a04:4e42:600::644). - connect (101: Network is unreachable)
Err:102 https://deb.debian.org/debian bookworm/main amd64 python3-wheel all 0.38.4-2
  Cannot initiate the connection to deb.debian.org:443 (2a04:4e42::644). - connect (101: Network is unreachable) Cannot initiate the connection to deb.debian.org:443 (2a04:4e42:200::644). - connect (101: Network is unreachable) Cannot initiate the connection to deb.debian.org:443 (2a04:4e42:400::644). - connect (101: Network is unreachable) Cannot initiate the connection to deb.debian.org:443 (2a04:4e42:600::644). - connect (101: Network is unreachable)
Err:103 https://deb.debian.org/debian bookworm/main amd64 python3-pip all 23.0.1+dfsg-1
  Cannot initiate the connection to deb.debian.org:443 (2a04:4e42::644). - connect (101: Network is unreachable) Cannot initiate the connection to deb.debian.org:443 (2a04:4e42:200::644). - connect (101: Network is unreachable) Cannot initiate the connection to deb.debian.org:443 (2a04:4e42:400::644). - connect (101: Network is unreachable) Cannot initiate the connection to deb.debian.org:443 (2a04:4e42:600::644). - connect (101: Network is unreachable)
Err:104 https://deb.debian.org/debian bookworm/main amd64 python3-pip-whl all 23.0.1+dfsg-1
  Cannot initiate the connection to deb.debian.org:443 (2a04:4e42::644). - connect (101: Network is unreachable) Cannot initiate the connection to deb.debian.org:443 (2a04:4e42:200::644). - connect (101: Network is unreachable) Cannot initiate the connection to deb.debian.org:443 (2a04:4e42:400::644). - connect (101: Network is unreachable) Cannot initiate the connection to deb.debian.org:443 (2a04:4e42:600::644). - connect (101: Network is unreachable)
Err:105 https://deb.debian.org/debian bookworm/main amd64 python3-setuptools-whl all 66.1.1-1+deb12u2
  Cannot initiate the connection to deb.debian.org:443 (2a04:4e42::644). - connect (101: Network is unreachable) Cannot initiate the connection to deb.debian.org:443 (2a04:4e42:200::644). - connect (101: Network is unreachable) Cannot initiate the connection to deb.debian.org:443 (2a04:4e42:400::644). - connect (101: Network is unreachable) Cannot initiate the connection to deb.debian.org:443 (2a04:4e42:600::644). - connect (101: Network is unreachable)
Err:106 https://deb.debian.org/debian bookworm/main amd64 python3.11-venv amd64 3.11.2-6+deb12u6
  Cannot initiate the connection to deb.debian.org:443 (2a04:4e42::644). - connect (101: Network is unreachable) Cannot initiate the connection to deb.debian.org:443 (2a04:4e42:200::644). - connect (101: Network is unreachable) Cannot initiate the connection to deb.debian.org:443 (2a04:4e42:400::644). - connect (101: Network is unreachable) Cannot initiate the connection to deb.debian.org:443 (2a04:4e42:600::644). - connect (101: Network is unreachable)
Err:107 https://deb.debian.org/debian bookworm/main amd64 python3-venv amd64 3.11.2-1+b1
  Cannot initiate the connection to deb.debian.org:443 (2a04:4e42::644). - connect (101: Network is unreachable) Cannot initiate the connection to deb.debian.org:443 (2a04:4e42:200::644). - connect (101: Network is unreachable) Cannot initiate the connection to deb.debian.org:443 (2a04:4e42:400::644). - connect (101: Network is unreachable) Cannot initiate the connection to deb.debian.org:443 (2a04:4e42:600::644). - connect (101: Network is unreachable)
E: Failed to fetch https://deb.debian.org/debian/pool/main/p/perl/perl-modules-5.36_5.36.0-7%2bdeb12u3_all.deb  Cannot initiate the connection to debian.map.fastly.net:443 (2a04:4e42::644). - connect (101: Network is unreachable) Cannot initiate the connection to debian.map.fastly.net:443 (2a04:4e42:200::644). - connect (101: Network is unreachable) Cannot initiate the connection to debian.map.fastly.net:443 (2a04:4e42:400::644). - connect (101: Network is unreachable) Cannot initiate the connection to debian.map.fastly.net:443 (2a04:4e42:600::644). - connect (101: Network is unreachable) Could not connect to debian.map.fastly.net:443 (151.101.2.132), connection timed out Could not connect to debian.map.fastly.net:443 (151.101.66.132), connection timed out Could not connect to debian.map.fastly.net:443 (151.101.130.132), connection timed out Could not connect to debian.map.fastly.net:443 (151.101.194.132), connection timed out Cannot initiate the connection to deb.debian.org:443 (2a04:4e42::644). - connect (101: Network is unreachable) Cannot initiate the connection to deb.debian.org:443 (2a04:4e42:200::644). - connect (101: Network is unreachable) Cannot initiate the connection to deb.debian.org:443 (2a04:4e42:400::644). - connect (101: Network is unreachable) Cannot initiate the connection to deb.debian.org:443 (2a04:4e42:600::644). - connect (101: Network is unreachable)
E: Failed to fetch https://deb.debian.org/debian/pool/main/g/gdbm/libgdbm-compat4_1.23-3_amd64.deb  Cannot initiate the connection to deb.debian.org:443 (2a04:4e42::644). - connect (101: Network is unreachable) Cannot initiate the connection to deb.debian.org:443 (2a04:4e42:200::644). - connect (101: Network is unreachable) Cannot initiate the connection to deb.debian.org:443 (2a04:4e42:400::644). - connect (101: Network is unreachable) Cannot initiate the connection to deb.debian.org:443 (2a04:4e42:600::644). - connect (101: Network is unreachable)
E: Failed to fetch https://deb.debian.org/debian/pool/main/p/perl/libperl5.36_5.36.0-7%2bdeb12u3_amd64.deb  Cannot initiate the connection to deb.debian.org:443 (2a04:4e42::644). - connect (101: Network is unreachable) Cannot initiate the connection to deb.debian.org:443 (2a04:4e42:200::644). - connect (101: Network is unreachable) Cannot initiate the connection to deb.debian.org:443 (2a04:4e42:400::644). - connect (101: Network is unreachable) Cannot initiate the connection to deb.debian.org:443 (2a04:4e42:600::644). - connect (101: Network is unreachable)
E: Failed to fetch https://deb.debian.org/debian/pool/main/p/perl/perl_5.36.0-7%2bdeb12u3_amd64.deb  Cannot initiate the connection to deb.debian.org:443 (2a04:4e42::644). - connect (101: Network is unreachable) Cannot initiate the connection to deb.debian.org:443 (2a04:4e42:200::644). - connect (101: Network is unreachable) Cannot initiate the connection to deb.debian.org:443 (2a04:4e42:400::644). - connect (101: Network is unreachable) Cannot initiate the connection to deb.debian.org:443 (2a04:4e42:600::644). - connect (101: Network is unreachable)
E: Failed to fetch https://deb.debian.org/debian/pool/main/libl/liblocale-gettext-perl/liblocale-gettext-perl_1.07-5_amd64.deb  Cannot initiate the connection to deb.debian.org:443 (2a04:4e42::644). - connect (101: Network is unreachable) Cannot initiate the connection to deb.debian.org:443 (2a04:4e42:200::644). - connect (101: Network is unreachable) Cannot initiate the connection to deb.debian.org:443 (2a04:4e42:400::644). - connect (101: Network is unreachable) Cannot initiate the connection to deb.debian.org:443 (2a04:4e42:600::644). - connect (101: Network is unreachable)
E: Failed to fetch https://deb.debian.org/debian/pool/main/b/bzip2/bzip2_1.0.8-5%2bb1_amd64.deb  Cannot initiate the connection to deb.debian.org:443 (2a04:4e42::644). - connect (101: Network is unreachable) Cannot initiate the connection to deb.debian.org:443 (2a04:4e42:200::644). - connect (101: Network is unreachable) Cannot initiate the connection to deb.debian.org:443 (2a04:4e42:400::644). - connect (101: Network is unreachable) Cannot initiate the connection to deb.debian.org:443 (2a04:4e42:600::644). - connect (101: Network is unreachable)
E: Failed to fetch https://deb.debian.org/debian/pool/main/b/binutils/binutils-common_2.40-2_amd64.deb  Cannot initiate the connection to deb.debian.org:443 (2a04:4e42::644). - connect (101: Network is unreachable) Cannot initiate the connection to deb.debian.org:443 (2a04:4e42:200::644). - connect (101: Network is unreachable) Cannot initiate the connection to deb.debian.org:443 (2a04:4e42:400::644). - connect (101: Network is unreachable) Cannot initiate the connection to deb.debian.org:443 (2a04:4e42:600::644). - connect (101: Network is unreachable)
E: Failed to fetch https://deb.debian.org/debian/pool/main/b/binutils/libbinutils_2.40-2_amd64.deb  Cannot initiate the connection to deb.debian.org:443 (2a04:4e42::644). - connect (101: Network is unreachable) Cannot initiate the connection to deb.debian.org:443 (2a04:4e42:200::644). - connect (101: Network is unreachable) Cannot initiate the connection to deb.debian.org:443 (2a04:4e42:400::644). - connect (101: Network is unreachable) Cannot initiate the connection to deb.debian.org:443 (2a04:4e42:600::644). - connect (101: Network is unreachable)
E: Failed to fetch https://deb.debian.org/debian/pool/main/b/binutils/libctf-nobfd0_2.40-2_amd64.deb  Cannot initiate the connection to deb.debian.org:443 (2a04:4e42::644). - connect (101: Network is unreachable) Cannot initiate the connection to deb.debian.org:443 (2a04:4e42:200::644). - connect (101: Network is unreachable) Cannot initiate the connection to deb.debian.org:443 (2a04:4e42:400::644). - connect (101: Network is unreachable) Cannot initiate the connection to deb.debian.org:443 (2a04:4e42:600::644). - connect (101: Network is unreachable)
E: Failed to fetch https://deb.debian.org/debian/pool/main/b/binutils/libctf0_2.40-2_amd64.deb  Cannot initiate the connection to deb.debian.org:443 (2a04:4e42::644). - connect (101: Network is unreachable) Cannot initiate the connection to deb.debian.org:443 (2a04:4e42:200::644). - connect (101: Network is unreachable) Cannot initiate the connection to deb.debian.org:443 (2a04:4e42:400::644). - connect (101: Network is unreachable) Cannot initiate the connection to deb.debian.org:443 (2a04:4e42:600::644). - connect (101: Network is unreachable)
E: Failed to fetch https://deb.debian.org/debian/pool/main/b/binutils/libgprofng0_2.40-2_amd64.deb  Cannot initiate the connection to deb.debian.org:443 (2a04:4e42::644). - connect (101: Network is unreachable) Cannot initiate the connection to deb.debian.org:443 (2a04:4e42:200::644). - connect (101: Network is unreachable) Cannot initiate the connection to deb.debian.org:443 (2a04:4e42:400::644). - connect (101: Network is unreachable) Cannot initiate the connection to deb.debian.org:443 (2a04:4e42:600::644). - connect (101: Network is unreachable)
E: Failed to fetch https://deb.debian.org/debian/pool/main/j/jansson/libjansson4_2.14-2_amd64.deb  Cannot initiate the connection to deb.debian.org:443 (2a04:4e42::644). - connect (101: Network is unreachable) Cannot initiate the connection to deb.debian.org:443 (2a04:4e42:200::644). - connect (101: Network is unreachable) Cannot initiate the connection to deb.debian.org:443 (2a04:4e42:400::644). - connect (101: Network is unreachable) Cannot initiate the connection to deb.debian.org:443 (2a04:4e42:600::644). - connect (101: Network is unreachable)
E: Failed to fetch https://deb.debian.org/debian/pool/main/b/binutils/binutils-x86-64-linux-gnu_2.40-2_amd64.deb  Cannot initiate the connection to deb.debian.org:443 (2a04:4e42::644). - connect (101: Network is unreachable) Cannot initiate the connection to deb.debian.org:443 (2a04:4e42:200::644). - connect (101: Network is unreachable) Cannot initiate the connection to deb.debian.org:443 (2a04:4e42:400::644). - connect (101: Network is unreachable) Cannot initiate the connection to deb.debian.org:443 (2a04:4e42:600::644). - connect (101: Network is unreachable)
E: Failed to fetch https://deb.debian.org/debian/pool/main/b/binutils/binutils_2.40-2_amd64.deb  Cannot initiate the connection to deb.debian.org:443 (2a04:4e42::644). - connect (101: Network is unreachable) Cannot initiate the connection to deb.debian.org:443 (2a04:4e42:200::644). - connect (101: Network is unreachable) Cannot initiate the connection to deb.debian.org:443 (2a04:4e42:400::644). - connect (101: Network is unreachable) Cannot initiate the connection to deb.debian.org:443 (2a04:4e42:600::644). - connect (101: Network is unreachable)
E: Failed to fetch https://deb.debian.org/debian/pool/main/g/glibc/libc-dev-bin_2.36-9%2bdeb12u13_amd64.deb  Cannot initiate the connection to deb.debian.org:443 (2a04:4e42::644). - connect (101: Network is unreachable) Cannot initiate the connection to deb.debian.org:443 (2a04:4e42:200::644). - connect (101: Network is unreachable) Cannot initiate the connection to deb.debian.org:443 (2a04:4e42:400::644). - connect (101: Network is unreachable) Cannot initiate the connection to deb.debian.org:443 (2a04:4e42:600::644). - connect (101: Network is unreachable)
E: Failed to fetch https://deb.debian.org/debian-security/pool/updates/main/l/linux/linux-libc-dev_6.1.170-3_amd64.deb  Cannot initiate the connection to deb.debian.org:443 (2a04:4e42::644). - connect (101: Network is unreachable) Cannot initiate the connection to deb.debian.org:443 (2a04:4e42:200::644). - connect (101: Network is unreachable) Cannot initiate the connection to deb.debian.org:443 (2a04:4e42:400::644). - connect (101: Network is unreachable) Cannot initiate the connection to deb.debian.org:443 (2a04:4e42:600::644). - connect (101: Network is unreachable)
E: Failed to fetch https://deb.debian.org/debian/pool/main/libx/libxcrypt/libcrypt-dev_4.4.33-2_amd64.deb  Cannot initiate the connection to deb.debian.org:443 (2a04:4e42::644). - connect (101: Network is unreachable) Cannot initiate the connection to deb.debian.org:443 (2a04:4e42:200::644). - connect (101: Network is unreachable) Cannot initiate the connection to deb.debian.org:443 (2a04:4e42:400::644). - connect (101: Network is unreachable) Cannot initiate the connection to deb.debian.org:443 (2a04:4e42:600::644). - connect (101: Network is unreachable)
E: Failed to fetch https://deb.debian.org/debian/pool/main/libt/libtirpc/libtirpc-dev_1.3.3%2bds-1_amd64.deb  Cannot initiate the connection to deb.debian.org:443 (2a04:4e42::644). - connect (101: Network is unreachable) Cannot initiate the connection to deb.debian.org:443 (2a04:4e42:200::644). - connect (101: Network is unreachable) Cannot initiate the connection to deb.debian.org:443 (2a04:4e42:400::644). - connect (101: Network is unreachable) Cannot initiate the connection to deb.debian.org:443 (2a04:4e42:600::644). - connect (101: Network is unreachable)
E: Failed to fetch https://deb.debian.org/debian/pool/main/libn/libnsl/libnsl-dev_1.3.0-2_amd64.deb  Cannot initiate the connection to deb.debian.org:443 (2a04:4e42::644). - connect (101: Network is unreachable) Cannot initiate the connection to deb.debian.org:443 (2a04:4e42:200::644). - connect (101: Network is unreachable) Cannot initiate the connection to deb.debian.org:443 (2a04:4e42:400::644). - connect (101: Network is unreachable) Cannot initiate the connection to deb.debian.org:443 (2a04:4e42:600::644). - connect (101: Network is unreachable)
E: Failed to fetch https://deb.debian.org/debian/pool/main/r/rpcsvc-proto/rpcsvc-proto_1.4.3-1_amd64.deb  Cannot initiate the connection to deb.debian.org:443 (2a04:4e42::644). - connect (101: Network is unreachable) Cannot initiate the connection to deb.debian.org:443 (2a04:4e42:200::644). - connect (101: Network is unreachable) Cannot initiate the connection to deb.debian.org:443 (2a04:4e42:400::644). - connect (101: Network is unreachable) Cannot initiate the connection to deb.debian.org:443 (2a04:4e42:600::644). - connect (101: Network is unreachable)
E: Failed to fetch https://deb.debian.org/debian/pool/main/g/glibc/libc6-dev_2.36-9%2bdeb12u13_amd64.deb  Cannot initiate the connection to deb.debian.org:443 (2a04:4e42::644). - connect (101: Network is unreachable) Cannot initiate the connection to deb.debian.org:443 (2a04:4e42:200::644). - connect (101: Network is unreachable) Cannot initiate the connection to deb.debian.org:443 (2a04:4e42:400::644). - connect (101: Network is unreachable) Cannot initiate the connection to deb.debian.org:443 (2a04:4e42:600::644). - connect (101: Network is unreachable)
E: Failed to fetch https://deb.debian.org/debian/pool/main/i/isl/libisl23_0.25-1.1_amd64.deb  Cannot initiate the connection to deb.debian.org:443 (2a04:4e42::644). - connect (101: Network is unreachable) Cannot initiate the connection to deb.debian.org:443 (2a04:4e42:200::644). - connect (101: Network is unreachable) Cannot initiate the connection to deb.debian.org:443 (2a04:4e42:400::644). - connect (101: Network is unreachable) Cannot initiate the connection to deb.debian.org:443 (2a04:4e42:600::644). - connect (101: Network is unreachable)
E: Failed to fetch https://deb.debian.org/debian/pool/main/m/mpfr4/libmpfr6_4.2.0-1_amd64.deb  Cannot initiate the connection to deb.debian.org:443 (2a04:4e42::644). - connect (101: Network is unreachable) Cannot initiate the connection to deb.debian.org:443 (2a04:4e42:200::644). - connect (101: Network is unreachable) Cannot initiate the connection to deb.debian.org:443 (2a04:4e42:400::644). - connect (101: Network is unreachable) Cannot initiate the connection to deb.debian.org:443 (2a04:4e42:600::644). - connect (101: Network is unreachable)
E: Failed to fetch https://deb.debian.org/debian/pool/main/m/mpclib3/libmpc3_1.3.1-1_amd64.deb  Cannot initiate the connection to deb.debian.org:443 (2a04:4e42::644). - connect (101: Network is unreachable) Cannot initiate the connection to deb.debian.org:443 (2a04:4e42:200::644). - connect (101: Network is unreachable) Cannot initiate the connection to deb.debian.org:443 (2a04:4e42:400::644). - connect (101: Network is unreachable) Cannot initiate the connection to deb.debian.org:443 (2a04:4e42:600::644). - connect (101: Network is unreachable)
E: Failed to fetch https://deb.debian.org/debian/pool/main/g/gcc-12/cpp-12_12.2.0-14%2bdeb12u1_amd64.deb  Cannot initiate the connection to deb.debian.org:443 (2a04:4e42::644). - connect (101: Network is unreachable) Cannot initiate the connection to deb.debian.org:443 (2a04:4e42:200::644). - connect (101: Network is unreachable) Cannot initiate the connection to deb.debian.org:443 (2a04:4e42:400::644). - connect (101: Network is unreachable) Cannot initiate the connection to deb.debian.org:443 (2a04:4e42:600::644). - connect (101: Network is unreachable)
E: Failed to fetch https://deb.debian.org/debian/pool/main/g/gcc-defaults/cpp_12.2.0-3_amd64.deb  Cannot initiate the connection to deb.debian.org:443 (2a04:4e42::644). - connect (101: Network is unreachable) Cannot initiate the connection to deb.debian.org:443 (2a04:4e42:200::644). - connect (101: Network is unreachable) Cannot initiate the connection to deb.debian.org:443 (2a04:4e42:400::644). - connect (101: Network is unreachable) Cannot initiate the connection to deb.debian.org:443 (2a04:4e42:600::644). - connect (101: Network is unreachable)
E: Failed to fetch https://deb.debian.org/debian/pool/main/g/gcc-12/libcc1-0_12.2.0-14%2bdeb12u1_amd64.deb  Cannot initiate the connection to deb.debian.org:443 (2a04:4e42::644). - connect (101: Network is unreachable) Cannot initiate the connection to deb.debian.org:443 (2a04:4e42:200::644). - connect (101: Network is unreachable) Cannot initiate the connection to deb.debian.org:443 (2a04:4e42:400::644). - connect (101: Network is unreachable) Cannot initiate the connection to deb.debian.org:443 (2a04:4e42:600::644). - connect (101: Network is unreachable)
E: Failed to fetch https://deb.debian.org/debian/pool/main/g/gcc-12/libgomp1_12.2.0-14%2bdeb12u1_amd64.deb  Cannot initiate the connection to deb.debian.org:443 (2a04:4e42::644). - connect (101: Network is unreachable) Cannot initiate the connection to deb.debian.org:443 (2a04:4e42:200::644). - connect (101: Network is unreachable) Cannot initiate the connection to deb.debian.org:443 (2a04:4e42:400::644). - connect (101: Network is unreachable) Cannot initiate the connection to deb.debian.org:443 (2a04:4e42:600::644). - connect (101: Network is unreachable)
E: Failed to fetch https://deb.debian.org/debian/pool/main/g/gcc-12/libitm1_12.2.0-14%2bdeb12u1_amd64.deb  Cannot initiate the connection to deb.debian.org:443 (2a04:4e42::644). - connect (101: Network is unreachable) Cannot initiate the connection to deb.debian.org:443 (2a04:4e42:200::644). - connect (101: Network is unreachable) Cannot initiate the connection to deb.debian.org:443 (2a04:4e42:400::644). - connect (101: Network is unreachable) Cannot initiate the connection to deb.debian.org:443 (2a04:4e42:600::644). - connect (101: Network is unreachable)
E: Failed to fetch https://deb.debian.org/debian/pool/main/g/gcc-12/libatomic1_12.2.0-14%2bdeb12u1_amd64.deb  Cannot initiate the connection to deb.debian.org:443 (2a04:4e42::644). - connect (101: Network is unreachable) Cannot initiate the connection to deb.debian.org:443 (2a04:4e42:200::644). - connect (101: Network is unreachable) Cannot initiate the connection to deb.debian.org:443 (2a04:4e42:400::644). - connect (101: Network is unreachable) Cannot initiate the connection to deb.debian.org:443 (2a04:4e42:600::644). - connect (101: Network is unreachable)
E: Failed to fetch https://deb.debian.org/debian/pool/main/g/gcc-12/libasan8_12.2.0-14%2bdeb12u1_amd64.deb  Cannot initiate the connection to deb.debian.org:443 (2a04:4e42::644). - connect (101: Network is unreachable) Cannot initiate the connection to deb.debian.org:443 (2a04:4e42:200::644). - connect (101: Network is unreachable) Cannot initiate the connection to deb.debian.org:443 (2a04:4e42:400::644). - connect (101: Network is unreachable) Cannot initiate the connection to deb.debian.org:443 (2a04:4e42:600::644). - connect (101: Network is unreachable)
E: Failed to fetch https://deb.debian.org/debian/pool/main/g/gcc-12/liblsan0_12.2.0-14%2bdeb12u1_amd64.deb  Cannot initiate the connection to deb.debian.org:443 (2a04:4e42::644). - connect (101: Network is unreachable) Cannot initiate the connection to deb.debian.org:443 (2a04:4e42:200::644). - connect (101: Network is unreachable) Cannot initiate the connection to deb.debian.org:443 (2a04:4e42:400::644). - connect (101: Network is unreachable) Cannot initiate the connection to deb.debian.org:443 (2a04:4e42:600::644). - connect (101: Network is unreachable)
E: Failed to fetch https://deb.debian.org/debian/pool/main/g/gcc-12/libtsan2_12.2.0-14%2bdeb12u1_amd64.deb  Cannot initiate the connection to deb.debian.org:443 (2a04:4e42::644). - connect (101: Network is unreachable) Cannot initiate the connection to deb.debian.org:443 (2a04:4e42:200::644). - connect (101: Network is unreachable) Cannot initiate the connection to deb.debian.org:443 (2a04:4e42:400::644). - connect (101: Network is unreachable) Cannot initiate the connection to deb.debian.org:443 (2a04:4e42:600::644). - connect (101: Network is unreachable)
E: Failed to fetch https://deb.debian.org/debian/pool/main/g/gcc-12/libubsan1_12.2.0-14%2bdeb12u1_amd64.deb  Cannot initiate the connection to deb.debian.org:443 (2a04:4e42::644). - connect (101: Network is unreachable) Cannot initiate the connection to deb.debian.org:443 (2a04:4e42:200::644). - connect (101: Network is unreachable) Cannot initiate the connection to deb.debian.org:443 (2a04:4e42:400::644). - connect (101: Network is unreachable) Cannot initiate the connection to deb.debian.org:443 (2a04:4e42:600::644). - connect (101: Network is unreachable)
E: Failed to fetch https://deb.debian.org/debian/pool/main/g/gcc-12/libquadmath0_12.2.0-14%2bdeb12u1_amd64.deb  Cannot initiate the connection to deb.debian.org:443 (2a04:4e42::644). - connect (101: Network is unreachable) Cannot initiate the connection to deb.debian.org:443 (2a04:4e42:200::644). - connect (101: Network is unreachable) Cannot initiate the connection to deb.debian.org:443 (2a04:4e42:400::644). - connect (101: Network is unreachable) Cannot initiate the connection to deb.debian.org:443 (2a04:4e42:600::644). - connect (101: Network is unreachable)
E: Failed to fetch https://deb.debian.org/debian/pool/main/g/gcc-12/libgcc-12-dev_12.2.0-14%2bdeb12u1_amd64.deb  Cannot initiate the connection to deb.debian.org:443 (2a04:4e42::644). - connect (101: Network is unreachable) Cannot initiate the connection to deb.debian.org:443 (2a04:4e42:200::644). - connect (101: Network is unreachable) Cannot initiate the connection to deb.debian.org:443 (2a04:4e42:400::644). - connect (101: Network is unreachable) Cannot initiate the connection to deb.debian.org:443 (2a04:4e42:600::644). - connect (101: Network is unreachable)
E: Failed to fetch https://deb.debian.org/debian/pool/main/g/gcc-12/gcc-12_12.2.0-14%2bdeb12u1_amd64.deb  Cannot initiate the connection to deb.debian.org:443 (2a04:4e42::644). - connect (101: Network is unreachable) Cannot initiate the connection to deb.debian.org:443 (2a04:4e42:200::644). - connect (101: Network is unreachable) Cannot initiate the connection to deb.debian.org:443 (2a04:4e42:400::644). - connect (101: Network is unreachable) Cannot initiate the connection to deb.debian.org:443 (2a04:4e42:600::644). - connect (101: Network is unreachable)
E: Failed to fetch https://deb.debian.org/debian/pool/main/g/gcc-defaults/gcc_12.2.0-3_amd64.deb  Cannot initiate the connection to deb.debian.org:443 (2a04:4e42::644). - connect (101: Network is unreachable) Cannot initiate the connection to deb.debian.org:443 (2a04:4e42:200::644). - connect (101: Network is unreachable) Cannot initiate the connection to deb.debian.org:443 (2a04:4e42:400::644). - connect (101: Network is unreachable) Cannot initiate the connection to deb.debian.org:443 (2a04:4e42:600::644). - connect (101: Network is unreachable)
E: Failed to fetch https://deb.debian.org/debian/pool/main/g/gcc-12/libstdc%2b%2b-12-dev_12.2.0-14%2bdeb12u1_amd64.deb  Cannot initiate the connection to deb.debian.org:443 (2a04:4e42::644). - connect (101: Network is unreachable) Cannot initiate the connection to deb.debian.org:443 (2a04:4e42:200::644). - connect (101: Network is unreachable) Cannot initiate the connection to deb.debian.org:443 (2a04:4e42:400::644). - connect (101: Network is unreachable) Cannot initiate the connection to deb.debian.org:443 (2a04:4e42:600::644). - connect (101: Network is unreachable)
E: Failed to fetch https://deb.debian.org/debian/pool/main/g/gcc-12/g%2b%2b-12_12.2.0-14%2bdeb12u1_amd64.deb  Cannot initiate the connection to deb.debian.org:443 (2a04:4e42::644). - connect (101: Network is unreachable) Cannot initiate the connection to deb.debian.org:443 (2a04:4e42:200::644). - connect (101: Network is unreachable) Cannot initiate the connection to deb.debian.org:443 (2a04:4e42:400::644). - connect (101: Network is unreachable) Cannot initiate the connection to deb.debian.org:443 (2a04:4e42:600::644). - connect (101: Network is unreachable)
E: Failed to fetch https://deb.debian.org/debian/pool/main/g/gcc-defaults/g%2b%2b_12.2.0-3_amd64.deb  Cannot initiate the connection to deb.debian.org:443 (2a04:4e42::644). - connect (101: Network is unreachable) Cannot initiate the connection to deb.debian.org:443 (2a04:4e42:200::644). - connect (101: Network is unreachable) Cannot initiate the connection to deb.debian.org:443 (2a04:4e42:400::644). - connect (101: Network is unreachable) Cannot initiate the connection to deb.debian.org:443 (2a04:4e42:600::644). - connect (101: Network is unreachable)
E: Failed to fetch https://deb.debian.org/debian/pool/main/m/make-dfsg/make_4.3-4.1_amd64.deb  Cannot initiate the connection to deb.debian.org:443 (2a04:4e42::644). - connect (101: Network is unreachable) Cannot initiate the connection to deb.debian.org:443 (2a04:4e42:200::644). - connect (101: Network is unreachable) Cannot initiate the connection to deb.debian.org:443 (2a04:4e42:400::644). - connect (101: Network is unreachable) Cannot initiate the connection to deb.debian.org:443 (2a04:4e42:600::644). - connect (101: Network is unreachable)
E: Failed to fetch https://deb.debian.org/debian/pool/main/d/dpkg/libdpkg-perl_1.21.22_all.deb  Cannot initiate the connection to deb.debian.org:443 (2a04:4e42::644). - connect (101: Network is unreachable) Cannot initiate the connection to deb.debian.org:443 (2a04:4e42:200::644). - connect (101: Network is unreachable) Cannot initiate the connection to deb.debian.org:443 (2a04:4e42:400::644). - connect (101: Network is unreachable) Cannot initiate the connection to deb.debian.org:443 (2a04:4e42:600::644). - connect (101: Network is unreachable)
E: Failed to fetch https://deb.debian.org/debian/pool/main/p/patch/patch_2.7.6-7_amd64.deb  Cannot initiate the connection to deb.debian.org:443 (2a04:4e42::644). - connect (101: Network is unreachable) Cannot initiate the connection to deb.debian.org:443 (2a04:4e42:200::644). - connect (101: Network is unreachable) Cannot initiate the connection to deb.debian.org:443 (2a04:4e42:400::644). - connect (101: Network is unreachable) Cannot initiate the connection to deb.debian.org:443 (2a04:4e42:600::644). - connect (101: Network is unreachable)
E: Failed to fetch https://deb.debian.org/debian/pool/main/d/dpkg/dpkg-dev_1.21.22_all.deb  Cannot initiate the connection to deb.debian.org:443 (2a04:4e42::644). - connect (101: Network is unreachable) Cannot initiate the connection to deb.debian.org:443 (2a04:4e42:200::644). - connect (101: Network is unreachable) Cannot initiate the connection to deb.debian.org:443 (2a04:4e42:400::644). - connect (101: Network is unreachable) Cannot initiate the connection to deb.debian.org:443 (2a04:4e42:600::644). - connect (101: Network is unreachable)
E: Failed to fetch https://deb.debian.org/debian/pool/main/b/build-essential/build-essential_12.9_amd64.deb  Cannot initiate the connection to deb.debian.org:443 (2a04:4e42::644). - connect (101: Network is unreachable) Cannot initiate the connection to deb.debian.org:443 (2a04:4e42:200::644). - connect (101: Network is unreachable) Cannot initiate the connection to deb.debian.org:443 (2a04:4e42:400::644). - connect (101: Network is unreachable) Cannot initiate the connection to deb.debian.org:443 (2a04:4e42:600::644). - connect (101: Network is unreachable)
E: Failed to fetch https://deb.debian.org/debian/pool/main/f/fakeroot/libfakeroot_1.31-1.2_amd64.deb  Cannot initiate the connection to deb.debian.org:443 (2a04:4e42::644). - connect (101: Network is unreachable) Cannot initiate the connection to deb.debian.org:443 (2a04:4e42:200::644). - connect (101: Network is unreachable) Cannot initiate the connection to deb.debian.org:443 (2a04:4e42:400::644). - connect (101: Network is unreachable) Cannot initiate the connection to deb.debian.org:443 (2a04:4e42:600::644). - connect (101: Network is unreachable)
E: Failed to fetch https://deb.debian.org/debian/pool/main/f/fakeroot/fakeroot_1.31-1.2_amd64.deb  Cannot initiate the connection to deb.debian.org:443 (2a04:4e42::644). - connect (101: Network is unreachable) Cannot initiate the connection to deb.debian.org:443 (2a04:4e42:200::644). - connect (101: Network is unreachable) Cannot initiate the connection to deb.debian.org:443 (2a04:4e42:400::644). - connect (101: Network is unreachable) Cannot initiate the connection to deb.debian.org:443 (2a04:4e42:600::644). - connect (101: Network is unreachable)
E: Failed to fetch https://deb.debian.org/debian/pool/main/f/fonts-dejavu/fonts-dejavu-core_2.37-6_all.deb  Cannot initiate the connection to deb.debian.org:443 (2a04:4e42::644). - connect (101: Network is unreachable) Cannot initiate the connection to deb.debian.org:443 (2a04:4e42:200::644). - connect (101: Network is unreachable) Cannot initiate the connection to deb.debian.org:443 (2a04:4e42:400::644). - connect (101: Network is unreachable) Cannot initiate the connection to deb.debian.org:443 (2a04:4e42:600::644). - connect (101: Network is unreachable)
E: Failed to fetch https://deb.debian.org/debian/pool/main/f/fontconfig/fontconfig-config_2.14.1-4_amd64.deb  Cannot initiate the connection to deb.debian.org:443 (2a04:4e42::644). - connect (101: Network is unreachable) Cannot initiate the connection to deb.debian.org:443 (2a04:4e42:200::644). - connect (101: Network is unreachable) Cannot initiate the connection to deb.debian.org:443 (2a04:4e42:400::644). - connect (101: Network is unreachable) Cannot initiate the connection to deb.debian.org:443 (2a04:4e42:600::644). - connect (101: Network is unreachable)
E: Failed to fetch https://deb.debian.org/debian/pool/main/libe/liberror-perl/liberror-perl_0.17029-2_all.deb  Cannot initiate the connection to deb.debian.org:443 (2a04:4e42::644). - connect (101: Network is unreachable) Cannot initiate the connection to deb.debian.org:443 (2a04:4e42:200::644). - connect (101: Network is unreachable) Cannot initiate the connection to deb.debian.org:443 (2a04:4e42:400::644). - connect (101: Network is unreachable) Cannot initiate the connection to deb.debian.org:443 (2a04:4e42:600::644). - connect (101: Network is unreachable)
E: Failed to fetch https://deb.debian.org/debian/pool/main/g/git/git-man_2.39.5-0%2bdeb12u3_all.deb  Cannot initiate the connection to deb.debian.org:443 (2a04:4e42::644). - connect (101: Network is unreachable) Cannot initiate the connection to deb.debian.org:443 (2a04:4e42:200::644). - connect (101: Network is unreachable) Cannot initiate the connection to deb.debian.org:443 (2a04:4e42:400::644). - connect (101: Network is unreachable) Cannot initiate the connection to deb.debian.org:443 (2a04:4e42:600::644). - connect (101: Network is unreachable)
E: Failed to fetch https://deb.debian.org/debian/pool/main/g/git/git_2.39.5-0%2bdeb12u3_amd64.deb  Cannot initiate the connection to deb.debian.org:443 (2a04:4e42::644). - connect (101: Network is unreachable) Cannot initiate the connection to deb.debian.org:443 (2a04:4e42:200::644). - connect (101: Network is unreachable) Cannot initiate the connection to deb.debian.org:443 (2a04:4e42:400::644). - connect (101: Network is unreachable) Cannot initiate the connection to deb.debian.org:443 (2a04:4e42:600::644). - connect (101: Network is unreachable)
E: Failed to fetch https://deb.debian.org/debian/pool/main/j/javascript-common/javascript-common_11%2bnmu1_all.deb  Cannot initiate the connection to deb.debian.org:443 (2a04:4e42::644). - connect (101: Network is unreachable) Cannot initiate the connection to deb.debian.org:443 (2a04:4e42:200::644). - connect (101: Network is unreachable) Cannot initiate the connection to deb.debian.org:443 (2a04:4e42:400::644). - connect (101: Network is unreachable) Cannot initiate the connection to deb.debian.org:443 (2a04:4e42:600::644). - connect (101: Network is unreachable)
E: Failed to fetch https://deb.debian.org/debian/pool/main/a/abseil/libabsl20220623_20220623.1-1%2bdeb12u2_amd64.deb  Cannot initiate the connection to deb.debian.org:443 (2a04:4e42::644). - connect (101: Network is unreachable) Cannot initiate the connection to deb.debian.org:443 (2a04:4e42:200::644). - connect (101: Network is unreachable) Cannot initiate the connection to deb.debian.org:443 (2a04:4e42:400::644). - connect (101: Network is unreachable) Cannot initiate the connection to deb.debian.org:443 (2a04:4e42:600::644). - connect (101: Network is unreachable)
E: Failed to fetch https://deb.debian.org/debian/pool/main/liba/libalgorithm-diff-perl/libalgorithm-diff-perl_1.201-1_all.deb  Cannot initiate the connection to deb.debian.org:443 (2a04:4e42::644). - connect (101: Network is unreachable) Cannot initiate the connection to deb.debian.org:443 (2a04:4e42:200::644). - connect (101: Network is unreachable) Cannot initiate the connection to deb.debian.org:443 (2a04:4e42:400::644). - connect (101: Network is unreachable) Cannot initiate the connection to deb.debian.org:443 (2a04:4e42:600::644). - connect (101: Network is unreachable)
E: Failed to fetch https://deb.debian.org/debian/pool/main/liba/libalgorithm-diff-xs-perl/libalgorithm-diff-xs-perl_0.04-8%2bb1_amd64.deb  Cannot initiate the connection to deb.debian.org:443 (2a04:4e42::644). - connect (101: Network is unreachable) Cannot initiate the connection to deb.debian.org:443 (2a04:4e42:200::644). - connect (101: Network is unreachable) Cannot initiate the connection to deb.debian.org:443 (2a04:4e42:400::644). - connect (101: Network is unreachable) Cannot initiate the connection to deb.debian.org:443 (2a04:4e42:600::644). - connect (101: Network is unreachable)
E: Failed to fetch https://deb.debian.org/debian/pool/main/liba/libalgorithm-merge-perl/libalgorithm-merge-perl_0.08-5_all.deb  Cannot initiate the connection to deb.debian.org:443 (2a04:4e42::644). - connect (101: Network is unreachable) Cannot initiate the connection to deb.debian.org:443 (2a04:4e42:200::644). - connect (101: Network is unreachable) Cannot initiate the connection to deb.debian.org:443 (2a04:4e42:400::644). - connect (101: Network is unreachable) Cannot initiate the connection to deb.debian.org:443 (2a04:4e42:600::644). - connect (101: Network is unreachable)
E: Failed to fetch https://deb.debian.org/debian/pool/main/a/aom/libaom3_3.6.0-1%2bdeb12u2_amd64.deb  Cannot initiate the connection to deb.debian.org:443 (2a04:4e42::644). - connect (101: Network is unreachable) Cannot initiate the connection to deb.debian.org:443 (2a04:4e42:200::644). - connect (101: Network is unreachable) Cannot initiate the connection to deb.debian.org:443 (2a04:4e42:400::644). - connect (101: Network is unreachable) Cannot initiate the connection to deb.debian.org:443 (2a04:4e42:600::644). - connect (101: Network is unreachable)
E: Failed to fetch https://deb.debian.org/debian-security/pool/updates/main/d/dav1d/libdav1d6_1.0.0-2%2bdeb12u1_amd64.deb  Cannot initiate the connection to deb.debian.org:443 (2a04:4e42::644). - connect (101: Network is unreachable) Cannot initiate the connection to deb.debian.org:443 (2a04:4e42:200::644). - connect (101: Network is unreachable) Cannot initiate the connection to deb.debian.org:443 (2a04:4e42:400::644). - connect (101: Network is unreachable) Cannot initiate the connection to deb.debian.org:443 (2a04:4e42:600::644). - connect (101: Network is unreachable)
E: Failed to fetch https://deb.debian.org/debian/pool/main/libg/libgav1/libgav1-1_0.18.0-1%2bb1_amd64.deb  Cannot initiate the connection to deb.debian.org:443 (2a04:4e42::644). - connect (101: Network is unreachable) Cannot initiate the connection to deb.debian.org:443 (2a04:4e42:200::644). - connect (101: Network is unreachable) Cannot initiate the connection to deb.debian.org:443 (2a04:4e42:400::644). - connect (101: Network is unreachable) Cannot initiate the connection to deb.debian.org:443 (2a04:4e42:600::644). - connect (101: Network is unreachable)
E: Failed to fetch https://deb.debian.org/debian/pool/main/r/rust-rav1e/librav1e0_0.5.1-6_amd64.deb  Cannot initiate the connection to deb.debian.org:443 (2a04:4e42::644). - connect (101: Network is unreachable) Cannot initiate the connection to deb.debian.org:443 (2a04:4e42:200::644). - connect (101: Network is unreachable) Cannot initiate the connection to deb.debian.org:443 (2a04:4e42:400::644). - connect (101: Network is unreachable) Cannot initiate the connection to deb.debian.org:443 (2a04:4e42:600::644). - connect (101: Network is unreachable)
E: Failed to fetch https://deb.debian.org/debian/pool/main/s/svt-av1/libsvtav1enc1_1.4.1%2bdfsg-1_amd64.deb  Cannot initiate the connection to deb.debian.org:443 (2a04:4e42::644). - connect (101: Network is unreachable) Cannot initiate the connection to deb.debian.org:443 (2a04:4e42:200::644). - connect (101: Network is unreachable) Cannot initiate the connection to deb.debian.org:443 (2a04:4e42:400::644). - connect (101: Network is unreachable) Cannot initiate the connection to deb.debian.org:443 (2a04:4e42:600::644). - connect (101: Network is unreachable)
E: Failed to fetch https://deb.debian.org/debian/pool/main/libj/libjpeg-turbo/libjpeg62-turbo_2.1.5-2_amd64.deb  Cannot initiate the connection to deb.debian.org:443 (2a04:4e42::644). - connect (101: Network is unreachable) Cannot initiate the connection to deb.debian.org:443 (2a04:4e42:200::644). - connect (101: Network is unreachable) Cannot initiate the connection to deb.debian.org:443 (2a04:4e42:400::644). - connect (101: Network is unreachable) Cannot initiate the connection to deb.debian.org:443 (2a04:4e42:600::644). - connect (101: Network is unreachable)
E: Failed to fetch https://deb.debian.org/debian/pool/main/liby/libyuv/libyuv0_0.0%7egit20230123.b2528b0-1_amd64.deb  Cannot initiate the connection to deb.debian.org:443 (2a04:4e42::644). - connect (101: Network is unreachable) Cannot initiate the connection to deb.debian.org:443 (2a04:4e42:200::644). - connect (101: Network is unreachable) Cannot initiate the connection to deb.debian.org:443 (2a04:4e42:400::644). - connect (101: Network is unreachable) Cannot initiate the connection to deb.debian.org:443 (2a04:4e42:600::644). - connect (101: Network is unreachable)
E: Failed to fetch https://deb.debian.org/debian-security/pool/updates/main/liba/libavif/libavif15_0.11.1-1%2bdeb12u1_amd64.deb  Cannot initiate the connection to deb.debian.org:443 (2a04:4e42::644). - connect (101: Network is unreachable) Cannot initiate the connection to deb.debian.org:443 (2a04:4e42:200::644). - connect (101: Network is unreachable) Cannot initiate the connection to deb.debian.org:443 (2a04:4e42:400::644). - connect (101: Network is unreachable) Cannot initiate the connection to deb.debian.org:443 (2a04:4e42:600::644). - connect (101: Network is unreachable)
E: Failed to fetch https://deb.debian.org/debian/pool/main/f/fontconfig/libfontconfig1_2.14.1-4_amd64.deb  Cannot initiate the connection to deb.debian.org:443 (2a04:4e42::644). - connect (101: Network is unreachable) Cannot initiate the connection to deb.debian.org:443 (2a04:4e42:200::644). - connect (101: Network is unreachable) Cannot initiate the connection to deb.debian.org:443 (2a04:4e42:400::644). - connect (101: Network is unreachable) Cannot initiate the connection to deb.debian.org:443 (2a04:4e42:600::644). - connect (101: Network is unreachable)
E: Failed to fetch https://deb.debian.org/debian/pool/main/libd/libde265/libde265-0_1.0.11-1%2bdeb12u2_amd64.deb  Cannot initiate the connection to deb.debian.org:443 (2a04:4e42::644). - connect (101: Network is unreachable) Cannot initiate the connection to deb.debian.org:443 (2a04:4e42:200::644). - connect (101: Network is unreachable) Cannot initiate the connection to deb.debian.org:443 (2a04:4e42:400::644). - connect (101: Network is unreachable) Cannot initiate the connection to deb.debian.org:443 (2a04:4e42:600::644). - connect (101: Network is unreachable)
E: Failed to fetch https://deb.debian.org/debian/pool/main/n/numactl/libnuma1_2.0.16-1_amd64.deb  Cannot initiate the connection to deb.debian.org:443 (2a04:4e42::644). - connect (101: Network is unreachable) Cannot initiate the connection to deb.debian.org:443 (2a04:4e42:200::644). - connect (101: Network is unreachable) Cannot initiate the connection to deb.debian.org:443 (2a04:4e42:400::644). - connect (101: Network is unreachable) Cannot initiate the connection to deb.debian.org:443 (2a04:4e42:600::644). - connect (101: Network is unreachable)
E: Failed to fetch https://deb.debian.org/debian/pool/main/x/x265/libx265-199_3.5-2%2bb1_amd64.deb  Cannot initiate the connection to deb.debian.org:443 (2a04:4e42::644). - connect (101: Network is unreachable) Cannot initiate the connection to deb.debian.org:443 (2a04:4e42:200::644). - connect (101: Network is unreachable) Cannot initiate the connection to deb.debian.org:443 (2a04:4e42:400::644). - connect (101: Network is unreachable) Cannot initiate the connection to deb.debian.org:443 (2a04:4e42:600::644). - connect (101: Network is unreachable)
E: Failed to fetch https://deb.debian.org/debian-security/pool/updates/main/libh/libheif/libheif1_1.15.1-1%2bdeb12u1_amd64.deb  Cannot initiate the connection to deb.debian.org:443 (2a04:4e42::644). - connect (101: Network is unreachable) Cannot initiate the connection to deb.debian.org:443 (2a04:4e42:200::644). - connect (101: Network is unreachable) Cannot initiate the connection to deb.debian.org:443 (2a04:4e42:400::644). - connect (101: Network is unreachable) Cannot initiate the connection to deb.debian.org:443 (2a04:4e42:600::644). - connect (101: Network is unreachable)
E: Failed to fetch https://deb.debian.org/debian/pool/main/libd/libdeflate/libdeflate0_1.14-1_amd64.deb  Cannot initiate the connection to deb.debian.org:443 (2a04:4e42::644). - connect (101: Network is unreachable) Cannot initiate the connection to deb.debian.org:443 (2a04:4e42:200::644). - connect (101: Network is unreachable) Cannot initiate the connection to deb.debian.org:443 (2a04:4e42:400::644). - connect (101: Network is unreachable) Cannot initiate the connection to deb.debian.org:443 (2a04:4e42:600::644). - connect (101: Network is unreachable)
E: Failed to fetch https://deb.debian.org/debian/pool/main/j/jbigkit/libjbig0_2.1-6.1_amd64.deb  Cannot initiate the connection to deb.debian.org:443 (2a04:4e42::644). - connect (101: Network is unreachable) Cannot initiate the connection to deb.debian.org:443 (2a04:4e42:200::644). - connect (101: Network is unreachable) Cannot initiate the connection to deb.debian.org:443 (2a04:4e42:400::644). - connect (101: Network is unreachable) Cannot initiate the connection to deb.debian.org:443 (2a04:4e42:600::644). - connect (101: Network is unreachable)
E: Failed to fetch https://deb.debian.org/debian/pool/main/l/lerc/liblerc4_4.0.0%2bds-2_amd64.deb  Cannot initiate the connection to deb.debian.org:443 (2a04:4e42::644). - connect (101: Network is unreachable) Cannot initiate the connection to deb.debian.org:443 (2a04:4e42:200::644). - connect (101: Network is unreachable) Cannot initiate the connection to deb.debian.org:443 (2a04:4e42:400::644). - connect (101: Network is unreachable) Cannot initiate the connection to deb.debian.org:443 (2a04:4e42:600::644). - connect (101: Network is unreachable)
E: Failed to fetch https://deb.debian.org/debian-security/pool/updates/main/libw/libwebp/libwebp7_1.2.4-0.2%2bdeb12u1_amd64.deb  Cannot initiate the connection to deb.debian.org:443 (2a04:4e42::644). - connect (101: Network is unreachable) Cannot initiate the connection to deb.debian.org:443 (2a04:4e42:200::644). - connect (101: Network is unreachable) Cannot initiate the connection to deb.debian.org:443 (2a04:4e42:400::644). - connect (101: Network is unreachable) Cannot initiate the connection to deb.debian.org:443 (2a04:4e42:600::644). - connect (101: Network is unreachable)
E: Failed to fetch https://deb.debian.org/debian-security/pool/updates/main/t/tiff/libtiff6_4.5.0-6%2bdeb12u4_amd64.deb  Cannot initiate the connection to deb.debian.org:443 (2a04:4e42::644). - connect (101: Network is unreachable) Cannot initiate the connection to deb.debian.org:443 (2a04:4e42:200::644). - connect (101: Network is unreachable) Cannot initiate the connection to deb.debian.org:443 (2a04:4e42:400::644). - connect (101: Network is unreachable) Cannot initiate the connection to deb.debian.org:443 (2a04:4e42:600::644). - connect (101: Network is unreachable)
E: Failed to fetch https://deb.debian.org/debian/pool/main/libx/libxau/libxau6_1.0.9-1_amd64.deb  Cannot initiate the connection to deb.debian.org:443 (2a04:4e42::644). - connect (101: Network is unreachable) Cannot initiate the connection to deb.debian.org:443 (2a04:4e42:200::644). - connect (101: Network is unreachable) Cannot initiate the connection to deb.debian.org:443 (2a04:4e42:400::644). - connect (101: Network is unreachable) Cannot initiate the connection to deb.debian.org:443 (2a04:4e42:600::644). - connect (101: Network is unreachable)
E: Failed to fetch https://deb.debian.org/debian/pool/main/libx/libxdmcp/libxdmcp6_1.1.2-3_amd64.deb  Cannot initiate the connection to deb.debian.org:443 (2a04:4e42::644). - connect (101: Network is unreachable) Cannot initiate the connection to deb.debian.org:443 (2a04:4e42:200::644). - connect (101: Network is unreachable) Cannot initiate the connection to deb.debian.org:443 (2a04:4e42:400::644). - connect (101: Network is unreachable) Cannot initiate the connection to deb.debian.org:443 (2a04:4e42:600::644). - connect (101: Network is unreachable)
E: Failed to fetch https://deb.debian.org/debian/pool/main/libx/libxcb/libxcb1_1.15-1_amd64.deb  Cannot initiate the connection to deb.debian.org:443 (2a04:4e42::644). - connect (101: Network is unreachable) Cannot initiate the connection to deb.debian.org:443 (2a04:4e42:200::644). - connect (101: Network is unreachable) Cannot initiate the connection to deb.debian.org:443 (2a04:4e42:400::644). - connect (101: Network is unreachable) Cannot initiate the connection to deb.debian.org:443 (2a04:4e42:600::644). - connect (101: Network is unreachable)
E: Failed to fetch https://deb.debian.org/debian-security/pool/updates/main/libx/libx11/libx11-data_1.8.4-2%2bdeb12u2_all.deb  Cannot initiate the connection to deb.debian.org:443 (2a04:4e42::644). - connect (101: Network is unreachable) Cannot initiate the connection to deb.debian.org:443 (2a04:4e42:200::644). - connect (101: Network is unreachable) Cannot initiate the connection to deb.debian.org:443 (2a04:4e42:400::644). - connect (101: Network is unreachable) Cannot initiate the connection to deb.debian.org:443 (2a04:4e42:600::644). - connect (101: Network is unreachable)
E: Failed to fetch https://deb.debian.org/debian-security/pool/updates/main/libx/libx11/libx11-6_1.8.4-2%2bdeb12u2_amd64.deb  Cannot initiate the connection to deb.debian.org:443 (2a04:4e42::644). - connect (101: Network is unreachable) Cannot initiate the connection to deb.debian.org:443 (2a04:4e42:200::644). - connect (101: Network is unreachable) Cannot initiate the connection to deb.debian.org:443 (2a04:4e42:400::644). - connect (101: Network is unreachable) Cannot initiate the connection to deb.debian.org:443 (2a04:4e42:600::644). - connect (101: Network is unreachable)
E: Failed to fetch https://deb.debian.org/debian-security/pool/updates/main/libx/libxpm/libxpm4_3.5.12-1.1%2bdeb12u1_amd64.deb  Cannot initiate the connection to deb.debian.org:443 (2a04:4e42::644). - connect (101: Network is unreachable) Cannot initiate the connection to deb.debian.org:443 (2a04:4e42:200::644). - connect (101: Network is unreachable) Cannot initiate the connection to deb.debian.org:443 (2a04:4e42:400::644). - connect (101: Network is unreachable) Cannot initiate the connection to deb.debian.org:443 (2a04:4e42:600::644). - connect (101: Network is unreachable)
E: Failed to fetch https://deb.debian.org/debian/pool/main/libg/libgd2/libgd3_2.3.3-9_amd64.deb  Cannot initiate the connection to deb.debian.org:443 (2a04:4e42::644). - connect (101: Network is unreachable) Cannot initiate the connection to deb.debian.org:443 (2a04:4e42:200::644). - connect (101: Network is unreachable) Cannot initiate the connection to deb.debian.org:443 (2a04:4e42:400::644). - connect (101: Network is unreachable) Cannot initiate the connection to deb.debian.org:443 (2a04:4e42:600::644). - connect (101: Network is unreachable)
E: Failed to fetch https://deb.debian.org/debian/pool/main/g/glibc/libc-devtools_2.36-9%2bdeb12u13_amd64.deb  Cannot initiate the connection to deb.debian.org:443 (2a04:4e42::644). - connect (101: Network is unreachable) Cannot initiate the connection to deb.debian.org:443 (2a04:4e42:200::644). - connect (101: Network is unreachable) Cannot initiate the connection to deb.debian.org:443 (2a04:4e42:400::644). - connect (101: Network is unreachable) Cannot initiate the connection to deb.debian.org:443 (2a04:4e42:600::644). - connect (101: Network is unreachable)
E: Failed to fetch https://deb.debian.org/debian/pool/main/e/expat/libexpat1-dev_2.5.0-1%2bdeb12u2_amd64.deb  Cannot initiate the connection to deb.debian.org:443 (2a04:4e42::644). - connect (101: Network is unreachable) Cannot initiate the connection to deb.debian.org:443 (2a04:4e42:200::644). - connect (101: Network is unreachable) Cannot initiate the connection to deb.debian.org:443 (2a04:4e42:400::644). - connect (101: Network is unreachable) Cannot initiate the connection to deb.debian.org:443 (2a04:4e42:600::644). - connect (101: Network is unreachable)
E: Failed to fetch https://deb.debian.org/debian/pool/main/libf/libfile-fcntllock-perl/libfile-fcntllock-perl_0.22-4%2bb1_amd64.deb  Cannot initiate the connection to deb.debian.org:443 (2a04:4e42::644). - connect (101: Network is unreachable) Cannot initiate the connection to deb.debian.org:443 (2a04:4e42:200::644). - connect (101: Network is unreachable) Cannot initiate the connection to deb.debian.org:443 (2a04:4e42:400::644). - connect (101: Network is unreachable) Cannot initiate the connection to deb.debian.org:443 (2a04:4e42:600::644). - connect (101: Network is unreachable)
E: Failed to fetch https://deb.debian.org/debian/pool/main/n/node-jquery/libjs-jquery_3.6.1%2bdfsg%2b%7e3.5.14-1_all.deb  Cannot initiate the connection to deb.debian.org:443 (2a04:4e42::644). - connect (101: Network is unreachable) Cannot initiate the connection to deb.debian.org:443 (2a04:4e42:200::644). - connect (101: Network is unreachable) Cannot initiate the connection to deb.debian.org:443 (2a04:4e42:400::644). - connect (101: Network is unreachable) Cannot initiate the connection to deb.debian.org:443 (2a04:4e42:600::644). - connect (101: Network is unreachable)
E: Failed to fetch https://deb.debian.org/debian/pool/main/u/underscore/libjs-underscore_1.13.4%7edfsg%2b%7e1.11.4-3_all.deb  Cannot initiate the connection to deb.debian.org:443 (2a04:4e42::644). - connect (101: Network is unreachable) Cannot initiate the connection to deb.debian.org:443 (2a04:4e42:200::644). - connect (101: Network is unreachable) Cannot initiate the connection to deb.debian.org:443 (2a04:4e42:400::644). - connect (101: Network is unreachable) Cannot initiate the connection to deb.debian.org:443 (2a04:4e42:600::644). - connect (101: Network is unreachable)
E: Failed to fetch https://deb.debian.org/debian/pool/main/s/sphinx/libjs-sphinxdoc_5.3.0-4_all.deb  Cannot initiate the connection to deb.debian.org:443 (2a04:4e42::644). - connect (101: Network is unreachable) Cannot initiate the connection to deb.debian.org:443 (2a04:4e42:200::644). - connect (101: Network is unreachable) Cannot initiate the connection to deb.debian.org:443 (2a04:4e42:400::644). - connect (101: Network is unreachable) Cannot initiate the connection to deb.debian.org:443 (2a04:4e42:600::644). - connect (101: Network is unreachable)
E: Failed to fetch https://deb.debian.org/debian/pool/main/p/python3.11/libpython3.11_3.11.2-6%2bdeb12u6_amd64.deb  Cannot initiate the connection to deb.debian.org:443 (2a04:4e42::644). - connect (101: Network is unreachable) Cannot initiate the connection to deb.debian.org:443 (2a04:4e42:200::644). - connect (101: Network is unreachable) Cannot initiate the connection to deb.debian.org:443 (2a04:4e42:400::644). - connect (101: Network is unreachable) Cannot initiate the connection to deb.debian.org:443 (2a04:4e42:600::644). - connect (101: Network is unreachable)
E: Failed to fetch https://deb.debian.org/debian/pool/main/z/zlib/zlib1g-dev_1.2.13.dfsg-1_amd64.deb  Cannot initiate the connection to deb.debian.org:443 (2a04:4e42::644). - connect (101: Network is unreachable) Cannot initiate the connection to deb.debian.org:443 (2a04:4e42:200::644). - connect (101: Network is unreachable) Cannot initiate the connection to deb.debian.org:443 (2a04:4e42:400::644). - connect (101: Network is unreachable) Cannot initiate the connection to deb.debian.org:443 (2a04:4e42:600::644). - connect (101: Network is unreachable)
E: Failed to fetch https://deb.debian.org/debian/pool/main/p/python3.11/libpython3.11-dev_3.11.2-6%2bdeb12u6_amd64.deb  Cannot initiate the connection to deb.debian.org:443 (2a04:4e42::644). - connect (101: Network is unreachable) Cannot initiate the connection to deb.debian.org:443 (2a04:4e42:200::644). - connect (101: Network is unreachable) Cannot initiate the connection to deb.debian.org:443 (2a04:4e42:400::644). - connect (101: Network is unreachable) Cannot initiate the connection to deb.debian.org:443 (2a04:4e42:600::644). - connect (101: Network is unreachable)
E: Failed to fetch https://deb.debian.org/debian/pool/main/p/python3-defaults/libpython3-dev_3.11.2-1%2bb1_amd64.deb  Cannot initiate the connection to deb.debian.org:443 (2a04:4e42::644). - connect (101: Network is unreachable) Cannot initiate the connection to deb.debian.org:443 (2a04:4e42:200::644). - connect (101: Network is unreachable) Cannot initiate the connection to deb.debian.org:443 (2a04:4e42:400::644). - connect (101: Network is unreachable) Cannot initiate the connection to deb.debian.org:443 (2a04:4e42:600::644). - connect (101: Network is unreachable)
E: Failed to fetch https://deb.debian.org/debian/pool/main/m/manpages/manpages-dev_6.03-2_all.deb  Cannot initiate the connection to deb.debian.org:443 (2a04:4e42::644). - connect (101: Network is unreachable) Cannot initiate the connection to deb.debian.org:443 (2a04:4e42:200::644). - connect (101: Network is unreachable) Cannot initiate the connection to deb.debian.org:443 (2a04:4e42:400::644). - connect (101: Network is unreachable) Cannot initiate the connection to deb.debian.org:443 (2a04:4e42:600::644). - connect (101: Network is unreachable)
E: Failed to fetch https://deb.debian.org/debian/pool/main/p/python3.11/python3.11-dev_3.11.2-6%2bdeb12u6_amd64.deb  Cannot initiate the connection to deb.debian.org:443 (2a04:4e42::644). - connect (101: Network is unreachable) Cannot initiate the connection to deb.debian.org:443 (2a04:4e42:200::644). - connect (101: Network is unreachable) Cannot initiate the connection to deb.debian.org:443 (2a04:4e42:400::644). - connect (101: Network is unreachable) Cannot initiate the connection to deb.debian.org:443 (2a04:4e42:600::644). - connect (101: Network is unreachable)
E: Failed to fetch https://deb.debian.org/debian/pool/main/p/python3-stdlib-extensions/python3-lib2to3_3.11.2-3_all.deb  Cannot initiate the connection to deb.debian.org:443 (2a04:4e42::644). - connect (101: Network is unreachable) Cannot initiate the connection to deb.debian.org:443 (2a04:4e42:200::644). - connect (101: Network is unreachable) Cannot initiate the connection to deb.debian.org:443 (2a04:4e42:400::644). - connect (101: Network is unreachable) Cannot initiate the connection to deb.debian.org:443 (2a04:4e42:600::644). - connect (101: Network is unreachable)
E: Failed to fetch https://deb.debian.org/debian/pool/main/p/python3-stdlib-extensions/python3-distutils_3.11.2-3_all.deb  Cannot initiate the connection to deb.debian.org:443 (2a04:4e42::644). - connect (101: Network is unreachable) Cannot initiate the connection to deb.debian.org:443 (2a04:4e42:200::644). - connect (101: Network is unreachable) Cannot initiate the connection to deb.debian.org:443 (2a04:4e42:400::644). - connect (101: Network is unreachable) Cannot initiate the connection to deb.debian.org:443 (2a04:4e42:600::644). - connect (101: Network is unreachable)
E: Failed to fetch https://deb.debian.org/debian/pool/main/p/python3-defaults/python3-dev_3.11.2-1%2bb1_amd64.deb  Cannot initiate the connection to deb.debian.org:443 (2a04:4e42::644). - connect (101: Network is unreachable) Cannot initiate the connection to deb.debian.org:443 (2a04:4e42:200::644). - connect (101: Network is unreachable) Cannot initiate the connection to deb.debian.org:443 (2a04:4e42:400::644). - connect (101: Network is unreachable) Cannot initiate the connection to deb.debian.org:443 (2a04:4e42:600::644). - connect (101: Network is unreachable)
E: Failed to fetch https://deb.debian.org/debian/pool/main/s/setuptools/python3-setuptools_66.1.1-1%2bdeb12u2_all.deb  Cannot initiate the connection to deb.debian.org:443 (2a04:4e42::644). - connect (101: Network is unreachable) Cannot initiate the connection to deb.debian.org:443 (2a04:4e42:200::644). - connect (101: Network is unreachable) Cannot initiate the connection to deb.debian.org:443 (2a04:4e42:400::644). - connect (101: Network is unreachable) Cannot initiate the connection to deb.debian.org:443 (2a04:4e42:600::644). - connect (101: Network is unreachable)
E: Failed to fetch https://deb.debian.org/debian/pool/main/w/wheel/python3-wheel_0.38.4-2_all.deb  Cannot initiate the connection to deb.debian.org:443 (2a04:4e42::644). - connect (101: Network is unreachable) Cannot initiate the connection to deb.debian.org:443 (2a04:4e42:200::644). - connect (101: Network is unreachable) Cannot initiate the connection to deb.debian.org:443 (2a04:4e42:400::644). - connect (101: Network is unreachable) Cannot initiate the connection to deb.debian.org:443 (2a04:4e42:600::644). - connect (101: Network is unreachable)
E: Failed to fetch https://deb.debian.org/debian/pool/main/p/python-pip/python3-pip_23.0.1%2bdfsg-1_all.deb  Cannot initiate the connection to deb.debian.org:443 (2a04:4e42::644). - connect (101: Network is unreachable) Cannot initiate the connection to deb.debian.org:443 (2a04:4e42:200::644). - connect (101: Network is unreachable) Cannot initiate the connection to deb.debian.org:443 (2a04:4e42:400::644). - connect (101: Network is unreachable) Cannot initiate the connection to deb.debian.org:443 (2a04:4e42:600::644). - connect (101: Network is unreachable)
E: Failed to fetch https://deb.debian.org/debian/pool/main/p/python-pip/python3-pip-whl_23.0.1%2bdfsg-1_all.deb  Cannot initiate the connection to deb.debian.org:443 (2a04:4e42::644). - connect (101: Network is unreachable) Cannot initiate the connection to deb.debian.org:443 (2a04:4e42:200::644). - connect (101: Network is unreachable) Cannot initiate the connection to deb.debian.org:443 (2a04:4e42:400::644). - connect (101: Network is unreachable) Cannot initiate the connection to deb.debian.org:443 (2a04:4e42:600::644). - connect (101: Network is unreachable)
E: Failed to fetch https://deb.debian.org/debian/pool/main/s/setuptools/python3-setuptools-whl_66.1.1-1%2bdeb12u2_all.deb  Cannot initiate the connection to deb.debian.org:443 (2a04:4e42::644). - connect (101: Network is unreachable) Cannot initiate the connection to deb.debian.org:443 (2a04:4e42:200::644). - connect (101: Network is unreachable) Cannot initiate the connection to deb.debian.org:443 (2a04:4e42:400::644). - connect (101: Network is unreachable) Cannot initiate the connection to deb.debian.org:443 (2a04:4e42:600::644). - connect (101: Network is unreachable)
E: Failed to fetch https://deb.debian.org/debian/pool/main/p/python3.11/python3.11-venv_3.11.2-6%2bdeb12u6_amd64.deb  Cannot initiate the connection to deb.debian.org:443 (2a04:4e42::644). - connect (101: Network is unreachable) Cannot initiate the connection to deb.debian.org:443 (2a04:4e42:200::644). - connect (101: Network is unreachable) Cannot initiate the connection to deb.debian.org:443 (2a04:4e42:400::644). - connect (101: Network is unreachable) Cannot initiate the connection to deb.debian.org:443 (2a04:4e42:600::644). - connect (101: Network is unreachable)
E: Failed to fetch https://deb.debian.org/debian/pool/main/p/python3-defaults/python3-venv_3.11.2-1%2bb1_amd64.deb  Cannot initiate the connection to deb.debian.org:443 (2a04:4e42::644). - connect (101: Network is unreachable) Cannot initiate the connection to deb.debian.org:443 (2a04:4e42:200::644). - connect (101: Network is unreachable) Cannot initiate the connection to deb.debian.org:443 (2a04:4e42:400::644). - connect (101: Network is unreachable) Cannot initiate the connection to deb.debian.org:443 (2a04:4e42:600::644). - connect (101: Network is unreachable)
E: Unable to fetch some archives, maybe run apt-get update or try with --fix-missing?
==========================================
Boss Training VM Start: Tue May 19 00:54:32 UTC 2026
==========================================
Get:1 file:/etc/apt/mirrors/debian.list Mirrorlist [30 B]
Get:5 file:/etc/apt/mirrors/debian-security.list Mirrorlist [39 B]
Get:2 https://deb.debian.org/debian bookworm InRelease [151 kB]
Get:3 https://deb.debian.org/debian bookworm-updates InRelease [55.4 kB]
Get:4 https://deb.debian.org/debian bookworm-backports InRelease [59.4 kB]
Get:7 https://packages.cloud.google.com/apt google-compute-engine-bookworm-stable InRelease [1321 B]
Get:6 https://deb.debian.org/debian-security bookworm-security InRelease [48.0 kB]
Get:8 https://deb.debian.org/debian bookworm/main Sources [9490 kB]
Get:14 https://packages.cloud.google.com/apt cloud-sdk-bookworm InRelease [1656 B]
Get:11 https://deb.debian.org/debian bookworm-backports/main Sources.diff/Index [63.3 kB]
Get:12 https://deb.debian.org/debian bookworm-backports/main amd64 Packages.diff/Index [63.3 kB]
Get:13 https://deb.debian.org/debian bookworm-backports/main Translation-en.diff/Index [63.3 kB]
Get:15 https://packages.cloud.google.com/apt google-compute-engine-bookworm-stable/main amd64 Packages [3130 B]
Get:19 https://deb.debian.org/debian bookworm-backports/main Sources T-2026-05-17-2005.48-F-2026-05-17-2005.48.pdiff [12.7 kB]
Get:19 https://deb.debian.org/debian bookworm-backports/main Sources T-2026-05-17-2005.48-F-2026-05-17-2005.48.pdiff [12.7 kB]
Get:20 https://deb.debian.org/debian bookworm-backports/main amd64 Packages T-2026-05-18-0200.35-F-2026-05-18-0200.35.pdiff [3975 B]
Get:20 https://deb.debian.org/debian bookworm-backports/main amd64 Packages T-2026-05-18-0200.35-F-2026-05-18-0200.35.pdiff [3975 B]
Get:21 https://deb.debian.org/debian bookworm-backports/main Translation-en T-2026-05-18-1401.24-F-2026-05-18-0200.35.pdiff [3414 B]
Get:21 https://deb.debian.org/debian bookworm-backports/main Translation-en T-2026-05-18-1401.24-F-2026-05-18-0200.35.pdiff [3414 B]
Get:9 https://deb.debian.org/debian bookworm/main amd64 Packages [8790 kB]
Get:10 https://deb.debian.org/debian bookworm/main Translation-en [6107 kB]
Get:16 https://deb.debian.org/debian-security bookworm-security/main Sources [202 kB]
Get:17 https://deb.debian.org/debian-security bookworm-security/main amd64 Packages [306 kB]
Get:18 https://deb.debian.org/debian-security bookworm-security/main Translation-en [188 kB]
Fetched 25.6 MB in 3s (9979 kB/s)
Reading package lists...
Reading package lists...
Building dependency tree...
Reading state information...
curl is already the newest version (7.88.1-10+deb12u14).
The following additional packages will be installed:
  binutils binutils-common binutils-x86-64-linux-gnu build-essential bzip2 cpp
  cpp-12 dpkg dpkg-dev fakeroot fontconfig-config fonts-dejavu-core g++ g++-12
  gcc gcc-12 git-man javascript-common libabsl20220623 libalgorithm-diff-perl
  libalgorithm-diff-xs-perl libalgorithm-merge-perl libaom3 libasan8
  libatomic1 libavif15 libbinutils libc-bin libc-dev-bin libc-devtools libc6
  libc6-dev libcc1-0 libcrypt-dev libctf-nobfd0 libctf0 libdav1d6 libde265-0
  libdeflate0 libdpkg-perl liberror-perl libexpat1-dev libfakeroot
  libfile-fcntllock-perl libfontconfig1 libgav1-1 libgcc-12-dev libgd3
  libgdbm-compat4 libgomp1 libgprofng0 libheif1 libisl23 libitm1 libjansson4
  libjbig0 libjpeg62-turbo libjs-jquery libjs-sphinxdoc libjs-underscore
  liblerc4 liblocale-gettext-perl liblsan0 libmpc3 libmpfr6 libnsl-dev
  libnuma1 libperl5.36 libpython3-dev libpython3.11 libpython3.11-dev
  libpython3.11-minimal libpython3.11-stdlib libquadmath0 librav1e0
  libstdc++-12-dev libsvtav1enc1 libtiff6 libtirpc-dev libtsan2 libubsan1
  libwebp7 libx11-6 libx11-data libx265-199 libxau6 libxcb1 libxdmcp6 libxpm4
  libyuv0 linux-libc-dev make manpages-dev patch perl perl-modules-5.36
  python3-distutils python3-lib2to3 python3-pip-whl python3-setuptools
  python3-setuptools-whl python3-wheel python3.11 python3.11-dev
  python3.11-minimal python3.11-venv rpcsvc-proto zlib1g-dev
Suggested packages:
  binutils-doc bzip2-doc cpp-doc gcc-12-locales cpp-12-doc debsig-verify
  debian-keyring g++-multilib g++-12-multilib gcc-12-doc gcc-multilib autoconf
  automake libtool flex bison gdb gcc-doc gcc-12-multilib git-daemon-run
  | git-daemon-sysvinit git-doc git-email git-gui gitk gitweb git-cvs
  git-mediawiki git-svn apache2 | lighttpd | httpd glibc-doc libc-l10n locales
  libnss-nis libnss-nisplus bzr libgd-tools libstdc++-12-doc make-doc ed
  diffutils-doc perl-doc libterm-readline-gnu-perl
  | libterm-readline-perl-perl libtap-harness-archive-perl
  python-setuptools-doc python3.11-doc binfmt-support
The following NEW packages will be installed:
  binutils binutils-common binutils-x86-64-linux-gnu build-essential bzip2 cpp
  cpp-12 dpkg-dev fakeroot fontconfig-config fonts-dejavu-core g++ g++-12 gcc
  gcc-12 git git-man javascript-common libabsl20220623 libalgorithm-diff-perl
  libalgorithm-diff-xs-perl libalgorithm-merge-perl libaom3 libasan8
  libatomic1 libavif15 libbinutils libc-dev-bin libc-devtools libc6-dev
  libcc1-0 libcrypt-dev libctf-nobfd0 libctf0 libdav1d6 libde265-0 libdeflate0
  libdpkg-perl liberror-perl libexpat1-dev libfakeroot libfile-fcntllock-perl
  libfontconfig1 libgav1-1 libgcc-12-dev libgd3 libgdbm-compat4 libgomp1
  libgprofng0 libheif1 libisl23 libitm1 libjansson4 libjbig0 libjpeg62-turbo
  libjs-jquery libjs-sphinxdoc libjs-underscore liblerc4
  liblocale-gettext-perl liblsan0 libmpc3 libmpfr6 libnsl-dev libnuma1
  libperl5.36 libpython3-dev libpython3.11 libpython3.11-dev libquadmath0
  librav1e0 libstdc++-12-dev libsvtav1enc1 libtiff6 libtirpc-dev libtsan2
  libubsan1 libwebp7 libx11-6 libx11-data libx265-199 libxau6 libxcb1
  libxdmcp6 libxpm4 libyuv0 linux-libc-dev make manpages-dev patch perl
  perl-modules-5.36 python3-dev python3-distutils python3-lib2to3 python3-pip
  python3-pip-whl python3-setuptools python3-setuptools-whl python3-venv
  python3-wheel python3.11-dev python3.11-venv rpcsvc-proto zlib1g-dev
The following packages will be upgraded:
  dpkg libc-bin libc6 libpython3.11-minimal libpython3.11-stdlib python3.11
  python3.11-minimal
7 upgraded, 105 newly installed, 0 to remove and 34 not upgraded.
Need to get 121 MB of archives.
After this operation, 468 MB of additional disk space will be used.
Get:1 file:/etc/apt/mirrors/debian.list Mirrorlist [30 B]
Get:33 file:/etc/apt/mirrors/debian-security.list Mirrorlist [39 B]
Get:2 https://deb.debian.org/debian bookworm/main amd64 dpkg amd64 1.21.23 [1568 kB]
Get:3 https://deb.debian.org/debian bookworm/main amd64 libc6 amd64 2.36-9+deb12u14 [2759 kB]
Get:4 https://deb.debian.org/debian bookworm/main amd64 libc-bin amd64 2.36-9+deb12u14 [609 kB]
Get:5 https://deb.debian.org/debian bookworm/main amd64 perl-modules-5.36 all 5.36.0-7+deb12u3 [2815 kB]
Get:6 https://deb.debian.org/debian bookworm/main amd64 libgdbm-compat4 amd64 1.23-3 [48.2 kB]
Get:7 https://deb.debian.org/debian bookworm/main amd64 libperl5.36 amd64 5.36.0-7+deb12u3 [4196 kB]
Get:8 https://deb.debian.org/debian bookworm/main amd64 perl amd64 5.36.0-7+deb12u3 [239 kB]
Get:9 https://deb.debian.org/debian bookworm/main amd64 liblocale-gettext-perl amd64 1.07-5 [15.4 kB]
Get:10 https://deb.debian.org/debian bookworm/main amd64 python3.11 amd64 3.11.2-6+deb12u7 [574 kB]
Get:11 https://deb.debian.org/debian bookworm/main amd64 libpython3.11-stdlib amd64 3.11.2-6+deb12u7 [1797 kB]
Get:12 https://deb.debian.org/debian bookworm/main amd64 python3.11-minimal amd64 3.11.2-6+deb12u7 [2066 kB]
Get:13 https://deb.debian.org/debian bookworm/main amd64 libpython3.11-minimal amd64 3.11.2-6+deb12u7 [818 kB]
Get:14 https://deb.debian.org/debian bookworm/main amd64 bzip2 amd64 1.0.8-5+b1 [49.8 kB]
Get:15 https://deb.debian.org/debian bookworm/main amd64 binutils-common amd64 2.40-2 [2487 kB]
Get:16 https://deb.debian.org/debian bookworm/main amd64 libbinutils amd64 2.40-2 [572 kB]
Get:17 https://deb.debian.org/debian bookworm/main amd64 libctf-nobfd0 amd64 2.40-2 [153 kB]
Get:18 https://deb.debian.org/debian bookworm/main amd64 libctf0 amd64 2.40-2 [89.8 kB]
Get:19 https://deb.debian.org/debian bookworm/main amd64 libgprofng0 amd64 2.40-2 [812 kB]
Get:20 https://deb.debian.org/debian bookworm/main amd64 libjansson4 amd64 2.14-2 [40.8 kB]
Get:21 https://deb.debian.org/debian bookworm/main amd64 binutils-x86-64-linux-gnu amd64 2.40-2 [2246 kB]
Get:22 https://deb.debian.org/debian bookworm/main amd64 binutils amd64 2.40-2 [65.0 kB]
Get:23 https://deb.debian.org/debian bookworm/main amd64 libc-dev-bin amd64 2.36-9+deb12u14 [48.1 kB]
Get:24 https://deb.debian.org/debian bookworm/main amd64 libcrypt-dev amd64 1:4.4.33-2 [118 kB]
Get:25 https://deb.debian.org/debian bookworm/main amd64 libtirpc-dev amd64 1.3.3+ds-1 [191 kB]
Get:26 https://deb.debian.org/debian bookworm/main amd64 libnsl-dev amd64 1.3.0-2 [66.4 kB]
Get:27 https://deb.debian.org/debian bookworm/main amd64 rpcsvc-proto amd64 1.4.3-1 [63.3 kB]
Get:28 https://deb.debian.org/debian bookworm/main amd64 libc6-dev amd64 2.36-9+deb12u14 [1904 kB]
Get:29 https://deb.debian.org/debian bookworm/main amd64 libisl23 amd64 0.25-1.1 [683 kB]
Get:30 https://deb.debian.org/debian bookworm/main amd64 libmpfr6 amd64 4.2.0-1 [701 kB]
Get:31 https://deb.debian.org/debian bookworm/main amd64 libmpc3 amd64 1.3.1-1 [51.5 kB]
Get:32 https://deb.debian.org/debian bookworm/main amd64 cpp-12 amd64 12.2.0-14+deb12u1 [9768 kB]
Get:34 https://deb.debian.org/debian bookworm/main amd64 cpp amd64 4:12.2.0-3 [6836 B]
Get:35 https://deb.debian.org/debian bookworm/main amd64 libcc1-0 amd64 12.2.0-14+deb12u1 [41.7 kB]
Get:36 https://deb.debian.org/debian bookworm/main amd64 libgomp1 amd64 12.2.0-14+deb12u1 [116 kB]
Get:37 https://deb.debian.org/debian bookworm/main amd64 libitm1 amd64 12.2.0-14+deb12u1 [26.1 kB]
Get:38 https://deb.debian.org/debian bookworm/main amd64 libatomic1 amd64 12.2.0-14+deb12u1 [9376 B]
Get:39 https://deb.debian.org/debian bookworm/main amd64 libasan8 amd64 12.2.0-14+deb12u1 [2193 kB]
Get:40 https://deb.debian.org/debian bookworm/main amd64 liblsan0 amd64 12.2.0-14+deb12u1 [969 kB]
Get:41 https://deb.debian.org/debian bookworm/main amd64 libtsan2 amd64 12.2.0-14+deb12u1 [2197 kB]
Get:42 https://deb.debian.org/debian bookworm/main amd64 libubsan1 amd64 12.2.0-14+deb12u1 [883 kB]
Get:43 https://deb.debian.org/debian-security bookworm-security/main amd64 linux-libc-dev amd64 6.1.172-1 [2272 kB]
Get:44 https://deb.debian.org/debian bookworm/main amd64 libquadmath0 amd64 12.2.0-14+deb12u1 [145 kB]
Get:45 https://deb.debian.org/debian bookworm/main amd64 libgcc-12-dev amd64 12.2.0-14+deb12u1 [2437 kB]
Get:46 https://deb.debian.org/debian bookworm/main amd64 gcc-12 amd64 12.2.0-14+deb12u1 [19.3 MB]
Get:47 https://deb.debian.org/debian bookworm/main amd64 gcc amd64 4:12.2.0-3 [5216 B]
Get:48 https://deb.debian.org/debian bookworm/main amd64 libstdc++-12-dev amd64 12.2.0-14+deb12u1 [2047 kB]
Get:49 https://deb.debian.org/debian bookworm/main amd64 g++-12 amd64 12.2.0-14+deb12u1 [10.7 MB]
Get:50 https://deb.debian.org/debian bookworm/main amd64 g++ amd64 4:12.2.0-3 [1356 B]
Get:51 https://deb.debian.org/debian bookworm/main amd64 make amd64 4.3-4.1 [396 kB]
Get:52 https://deb.debian.org/debian bookworm/main amd64 libdpkg-perl all 1.21.23 [604 kB]
Get:53 https://deb.debian.org/debian bookworm/main amd64 patch amd64 2.7.6-7 [128 kB]
Get:54 https://deb.debian.org/debian bookworm/main amd64 dpkg-dev all 1.21.23 [1354 kB]
Get:55 https://deb.debian.org/debian bookworm/main amd64 build-essential amd64 12.9 [7704 B]
Get:56 https://deb.debian.org/debian bookworm/main amd64 libfakeroot amd64 1.31-1.2 [28.3 kB]
Get:57 https://deb.debian.org/debian bookworm/main amd64 fakeroot amd64 1.31-1.2 [66.9 kB]
Get:58 https://deb.debian.org/debian bookworm/main amd64 fonts-dejavu-core all 2.37-6 [1068 kB]
Get:59 https://deb.debian.org/debian bookworm/main amd64 fontconfig-config amd64 2.14.1-4 [315 kB]
Get:60 https://deb.debian.org/debian bookworm/main amd64 liberror-perl all 0.17029-2 [29.0 kB]
Get:61 https://deb.debian.org/debian bookworm/main amd64 git-man all 1:2.39.5-0+deb12u3 [2053 kB]
Get:62 https://deb.debian.org/debian bookworm/main amd64 git amd64 1:2.39.5-0+deb12u3 [7264 kB]
Get:63 https://deb.debian.org/debian bookworm/main amd64 javascript-common all 11+nmu1 [6260 B]
Get:64 https://deb.debian.org/debian bookworm/main amd64 libabsl20220623 amd64 20220623.1-1+deb12u2 [391 kB]
Get:65 https://deb.debian.org/debian bookworm/main amd64 libalgorithm-diff-perl all 1.201-1 [43.3 kB]
Get:66 https://deb.debian.org/debian bookworm/main amd64 libalgorithm-diff-xs-perl amd64 0.04-8+b1 [11.4 kB]
Get:67 https://deb.debian.org/debian bookworm/main amd64 libalgorithm-merge-perl all 0.08-5 [11.8 kB]
Get:68 https://deb.debian.org/debian bookworm/main amd64 libaom3 amd64 3.6.0-1+deb12u2 [1850 kB]
Get:69 https://deb.debian.org/debian bookworm/main amd64 libdav1d6 amd64 1.0.0-2+deb12u1 [513 kB]
Get:70 https://deb.debian.org/debian bookworm/main amd64 libgav1-1 amd64 0.18.0-1+b1 [332 kB]
Get:71 https://deb.debian.org/debian bookworm/main amd64 librav1e0 amd64 0.5.1-6 [763 kB]
Get:72 https://deb.debian.org/debian bookworm/main amd64 libsvtav1enc1 amd64 1.4.1+dfsg-1 [2121 kB]
Get:73 https://deb.debian.org/debian bookworm/main amd64 libjpeg62-turbo amd64 1:2.1.5-2 [166 kB]
Get:74 https://deb.debian.org/debian bookworm/main amd64 libyuv0 amd64 0.0~git20230123.b2528b0-1 [168 kB]
Get:75 https://deb.debian.org/debian bookworm/main amd64 libavif15 amd64 0.11.1-1+deb12u1 [94.4 kB]
Get:76 https://deb.debian.org/debian bookworm/main amd64 libfontconfig1 amd64 2.14.1-4 [386 kB]
Get:77 https://deb.debian.org/debian bookworm/main amd64 libde265-0 amd64 1.0.11-1+deb12u2 [185 kB]
Get:78 https://deb.debian.org/debian bookworm/main amd64 libnuma1 amd64 2.0.16-1 [21.0 kB]
Get:79 https://deb.debian.org/debian bookworm/main amd64 libx265-199 amd64 3.5-2+b1 [1150 kB]
Get:80 https://deb.debian.org/debian bookworm/main amd64 libheif1 amd64 1.15.1-1+deb12u1 [215 kB]
Get:81 https://deb.debian.org/debian bookworm/main amd64 libdeflate0 amd64 1.14-1 [61.4 kB]
Get:82 https://deb.debian.org/debian bookworm/main amd64 libjbig0 amd64 2.1-6.1 [31.7 kB]
Get:83 https://deb.debian.org/debian bookworm/main amd64 liblerc4 amd64 4.0.0+ds-2 [170 kB]
Get:84 https://deb.debian.org/debian bookworm/main amd64 libwebp7 amd64 1.2.4-0.2+deb12u1 [286 kB]
Get:85 https://deb.debian.org/debian bookworm/main amd64 libtiff6 amd64 4.5.0-6+deb12u4 [316 kB]
Get:86 https://deb.debian.org/debian bookworm/main amd64 libxau6 amd64 1:1.0.9-1 [19.7 kB]
Get:87 https://deb.debian.org/debian bookworm/main amd64 libxdmcp6 amd64 1:1.1.2-3 [26.3 kB]
Get:88 https://deb.debian.org/debian bookworm/main amd64 libxcb1 amd64 1.15-1 [144 kB]
Get:89 https://deb.debian.org/debian bookworm/main amd64 libx11-data all 2:1.8.4-2+deb12u2 [292 kB]
Get:90 https://deb.debian.org/debian bookworm/main amd64 libx11-6 amd64 2:1.8.4-2+deb12u2 [760 kB]
Get:91 https://deb.debian.org/debian bookworm/main amd64 libxpm4 amd64 1:3.5.12-1.1+deb12u1 [48.6 kB]
Get:92 https://deb.debian.org/debian bookworm/main amd64 libgd3 amd64 2.3.3-9 [124 kB]
Get:93 https://deb.debian.org/debian bookworm/main amd64 libc-devtools amd64 2.36-9+deb12u14 [55.7 kB]
Get:94 https://deb.debian.org/debian bookworm/main amd64 libexpat1-dev amd64 2.5.0-1+deb12u2 [151 kB]
Get:95 https://deb.debian.org/debian bookworm/main amd64 libfile-fcntllock-perl amd64 0.22-4+b1 [34.8 kB]
Get:96 https://deb.debian.org/debian bookworm/main amd64 libjs-jquery all 3.6.1+dfsg+~3.5.14-1 [326 kB]
Get:97 https://deb.debian.org/debian bookworm/main amd64 libjs-underscore all 1.13.4~dfsg+~1.11.4-3 [116 kB]
Get:98 https://deb.debian.org/debian bookworm/main amd64 libjs-sphinxdoc all 5.3.0-4 [130 kB]
Get:99 https://deb.debian.org/debian bookworm/main amd64 libpython3.11 amd64 3.11.2-6+deb12u7 [1988 kB]
Get:100 https://deb.debian.org/debian bookworm/main amd64 zlib1g-dev amd64 1:1.2.13.dfsg-1 [916 kB]
Get:101 https://deb.debian.org/debian bookworm/main amd64 libpython3.11-dev amd64 3.11.2-6+deb12u7 [4743 kB]
Get:102 https://deb.debian.org/debian bookworm/main amd64 libpython3-dev amd64 3.11.2-1+b1 [9572 B]
Get:103 https://deb.debian.org/debian bookworm/main amd64 manpages-dev all 6.03-2 [2030 kB]
Get:104 https://deb.debian.org/debian bookworm/main amd64 python3.11-dev amd64 3.11.2-6+deb12u7 [617 kB]
Get:105 https://deb.debian.org/debian bookworm/main amd64 python3-lib2to3 all 3.11.2-3 [76.3 kB]
Get:106 https://deb.debian.org/debian bookworm/main amd64 python3-distutils all 3.11.2-3 [131 kB]
Get:107 https://deb.debian.org/debian bookworm/main amd64 python3-dev amd64 3.11.2-1+b1 [26.2 kB]
Get:108 https://deb.debian.org/debian bookworm/main amd64 python3-setuptools all 66.1.1-1+deb12u2 [522 kB]
Get:109 https://deb.debian.org/debian bookworm/main amd64 python3-wheel all 0.38.4-2 [30.8 kB]
Get:110 https://deb.debian.org/debian bookworm/main amd64 python3-pip all 23.0.1+dfsg-1 [1325 kB]
Get:111 https://deb.debian.org/debian bookworm/main amd64 python3-pip-whl all 23.0.1+dfsg-1 [1717 kB]
Get:112 https://deb.debian.org/debian bookworm/main amd64 python3-setuptools-whl all 66.1.1-1+deb12u2 [1112 kB]
Get:113 https://deb.debian.org/debian bookworm/main amd64 python3.11-venv amd64 3.11.2-6+deb12u7 [5892 B]
Get:114 https://deb.debian.org/debian bookworm/main amd64 python3-venv amd64 3.11.2-1+b1 [1200 B]
apt-listchanges: Reading changelogs...
dpkg-preconfigure: unable to re-open stdin: No such file or directory
Fetched 121 MB in 1s (163 MB/s)
(Reading database ... (Reading database ... 5%(Reading database ... 10%(Reading database ... 15%(Reading database ... 20%(Reading database ... 25%(Reading database ... 30%(Reading database ... 35%(Reading database ... 40%(Reading database ... 45%(Reading database ... 50%(Reading database ... 55%(Reading database ... 60%(Reading database ... 65%(Reading database ... 70%(Reading database ... 75%(Reading database ... 80%(Reading database ... 85%(Reading database ... 90%(Reading database ... 95%(Reading database ... 100%(Reading database ... 58199 files and directories currently installed.)
Preparing to unpack .../dpkg_1.21.23_amd64.deb ...
Unpacking dpkg (1.21.23) over (1.21.22) ...
Setting up dpkg (1.21.23) ...
dpkg-db-backup.service is a disabled or a static unit not running, not starting it.
(Reading database ... (Reading database ... 5%(Reading database ... 10%(Reading database ... 15%(Reading database ... 20%(Reading database ... 25%(Reading database ... 30%(Reading database ... 35%(Reading database ... 40%(Reading database ... 45%(Reading database ... 50%(Reading database ... 55%(Reading database ... 60%(Reading database ... 65%(Reading database ... 70%(Reading database ... 75%(Reading database ... 80%(Reading database ... 85%(Reading database ... 90%(Reading database ... 95%(Reading database ... 100%(Reading database ... 58199 files and directories currently installed.)
Preparing to unpack .../libc6_2.36-9+deb12u14_amd64.deb ...
Unpacking libc6:amd64 (2.36-9+deb12u14) over (2.36-9+deb12u13) ...
Setting up libc6:amd64 (2.36-9+deb12u14) ...
(Reading database ... (Reading database ... 5%(Reading database ... 10%(Reading database ... 15%(Reading database ... 20%(Reading database ... 25%(Reading database ... 30%(Reading database ... 35%(Reading database ... 40%(Reading database ... 45%(Reading database ... 50%(Reading database ... 55%(Reading database ... 60%(Reading database ... 65%(Reading database ... 70%(Reading database ... 75%(Reading database ... 80%(Reading database ... 85%(Reading database ... 90%(Reading database ... 95%(Reading database ... 100%(Reading database ... 58199 files and directories currently installed.)
Preparing to unpack .../libc-bin_2.36-9+deb12u14_amd64.deb ...
Unpacking libc-bin (2.36-9+deb12u14) over (2.36-9+deb12u13) ...
Setting up libc-bin (2.36-9+deb12u14) ...
Selecting previously unselected package perl-modules-5.36.
(Reading database ... (Reading database ... 5%(Reading database ... 10%(Reading database ... 15%(Reading database ... 20%(Reading database ... 25%(Reading database ... 30%(Reading database ... 35%(Reading database ... 40%(Reading database ... 45%(Reading database ... 50%(Reading database ... 55%(Reading database ... 60%(Reading database ... 65%(Reading database ... 70%(Reading database ... 75%(Reading database ... 80%(Reading database ... 85%(Reading database ... 90%(Reading database ... 95%(Reading database ... 100%(Reading database ... 58199 files and directories currently installed.)
Preparing to unpack .../000-perl-modules-5.36_5.36.0-7+deb12u3_all.deb ...
Unpacking perl-modules-5.36 (5.36.0-7+deb12u3) ...
Selecting previously unselected package libgdbm-compat4:amd64.
Preparing to unpack .../001-libgdbm-compat4_1.23-3_amd64.deb ...
Unpacking libgdbm-compat4:amd64 (1.23-3) ...
Selecting previously unselected package libperl5.36:amd64.
Preparing to unpack .../002-libperl5.36_5.36.0-7+deb12u3_amd64.deb ...
Unpacking libperl5.36:amd64 (5.36.0-7+deb12u3) ...
Selecting previously unselected package perl.
Preparing to unpack .../003-perl_5.36.0-7+deb12u3_amd64.deb ...
Unpacking perl (5.36.0-7+deb12u3) ...
Selecting previously unselected package liblocale-gettext-perl.
Preparing to unpack .../004-liblocale-gettext-perl_1.07-5_amd64.deb ...
Unpacking liblocale-gettext-perl (1.07-5) ...
Preparing to unpack .../005-python3.11_3.11.2-6+deb12u7_amd64.deb ...
Unpacking python3.11 (3.11.2-6+deb12u7) over (3.11.2-6+deb12u6) ...
Preparing to unpack .../006-libpython3.11-stdlib_3.11.2-6+deb12u7_amd64.deb ...
Unpacking libpython3.11-stdlib:amd64 (3.11.2-6+deb12u7) over (3.11.2-6+deb12u6) ...
Preparing to unpack .../007-python3.11-minimal_3.11.2-6+deb12u7_amd64.deb ...
Unpacking python3.11-minimal (3.11.2-6+deb12u7) over (3.11.2-6+deb12u6) ...
Preparing to unpack .../008-libpython3.11-minimal_3.11.2-6+deb12u7_amd64.deb ...
Unpacking libpython3.11-minimal:amd64 (3.11.2-6+deb12u7) over (3.11.2-6+deb12u6) ...
Selecting previously unselected package bzip2.
Preparing to unpack .../009-bzip2_1.0.8-5+b1_amd64.deb ...
Unpacking bzip2 (1.0.8-5+b1) ...
Selecting previously unselected package binutils-common:amd64.
Preparing to unpack .../010-binutils-common_2.40-2_amd64.deb ...
Unpacking binutils-common:amd64 (2.40-2) ...
Selecting previously unselected package libbinutils:amd64.
Preparing to unpack .../011-libbinutils_2.40-2_amd64.deb ...
Unpacking libbinutils:amd64 (2.40-2) ...
Selecting previously unselected package libctf-nobfd0:amd64.
Preparing to unpack .../012-libctf-nobfd0_2.40-2_amd64.deb ...
Unpacking libctf-nobfd0:amd64 (2.40-2) ...
Selecting previously unselected package libctf0:amd64.
Preparing to unpack .../013-libctf0_2.40-2_amd64.deb ...
Unpacking libctf0:amd64 (2.40-2) ...
Selecting previously unselected package libgprofng0:amd64.
Preparing to unpack .../014-libgprofng0_2.40-2_amd64.deb ...
Unpacking libgprofng0:amd64 (2.40-2) ...
Selecting previously unselected package libjansson4:amd64.
Preparing to unpack .../015-libjansson4_2.14-2_amd64.deb ...
Unpacking libjansson4:amd64 (2.14-2) ...
Selecting previously unselected package binutils-x86-64-linux-gnu.
Preparing to unpack .../016-binutils-x86-64-linux-gnu_2.40-2_amd64.deb ...
Unpacking binutils-x86-64-linux-gnu (2.40-2) ...
Selecting previously unselected package binutils.
Preparing to unpack .../017-binutils_2.40-2_amd64.deb ...
Unpacking binutils (2.40-2) ...
Selecting previously unselected package libc-dev-bin.
Preparing to unpack .../018-libc-dev-bin_2.36-9+deb12u14_amd64.deb ...
Unpacking libc-dev-bin (2.36-9+deb12u14) ...
Selecting previously unselected package linux-libc-dev:amd64.
Preparing to unpack .../019-linux-libc-dev_6.1.172-1_amd64.deb ...
Unpacking linux-libc-dev:amd64 (6.1.172-1) ...
Selecting previously unselected package libcrypt-dev:amd64.
Preparing to unpack .../020-libcrypt-dev_1%3a4.4.33-2_amd64.deb ...
Unpacking libcrypt-dev:amd64 (1:4.4.33-2) ...
Selecting previously unselected package libtirpc-dev:amd64.
Preparing to unpack .../021-libtirpc-dev_1.3.3+ds-1_amd64.deb ...
Unpacking libtirpc-dev:amd64 (1.3.3+ds-1) ...
Selecting previously unselected package libnsl-dev:amd64.
Preparing to unpack .../022-libnsl-dev_1.3.0-2_amd64.deb ...
Unpacking libnsl-dev:amd64 (1.3.0-2) ...
Selecting previously unselected package rpcsvc-proto.
Preparing to unpack .../023-rpcsvc-proto_1.4.3-1_amd64.deb ...
Unpacking rpcsvc-proto (1.4.3-1) ...
Selecting previously unselected package libc6-dev:amd64.
Preparing to unpack .../024-libc6-dev_2.36-9+deb12u14_amd64.deb ...
Unpacking libc6-dev:amd64 (2.36-9+deb12u14) ...
Selecting previously unselected package libisl23:amd64.
Preparing to unpack .../025-libisl23_0.25-1.1_amd64.deb ...
Unpacking libisl23:amd64 (0.25-1.1) ...
Selecting previously unselected package libmpfr6:amd64.
Preparing to unpack .../026-libmpfr6_4.2.0-1_amd64.deb ...
Unpacking libmpfr6:amd64 (4.2.0-1) ...
Selecting previously unselected package libmpc3:amd64.
Preparing to unpack .../027-libmpc3_1.3.1-1_amd64.deb ...
Unpacking libmpc3:amd64 (1.3.1-1) ...
Selecting previously unselected package cpp-12.
Preparing to unpack .../028-cpp-12_12.2.0-14+deb12u1_amd64.deb ...
Unpacking cpp-12 (12.2.0-14+deb12u1) ...
Selecting previously unselected package cpp.
Preparing to unpack .../029-cpp_4%3a12.2.0-3_amd64.deb ...
Unpacking cpp (4:12.2.0-3) ...
Selecting previously unselected package libcc1-0:amd64.
Preparing to unpack .../030-libcc1-0_12.2.0-14+deb12u1_amd64.deb ...
Unpacking libcc1-0:amd64 (12.2.0-14+deb12u1) ...
Selecting previously unselected package libgomp1:amd64.
Preparing to unpack .../031-libgomp1_12.2.0-14+deb12u1_amd64.deb ...
Unpacking libgomp1:amd64 (12.2.0-14+deb12u1) ...
Selecting previously unselected package libitm1:amd64.
Preparing to unpack .../032-libitm1_12.2.0-14+deb12u1_amd64.deb ...
Unpacking libitm1:amd64 (12.2.0-14+deb12u1) ...
Selecting previously unselected package libatomic1:amd64.
Preparing to unpack .../033-libatomic1_12.2.0-14+deb12u1_amd64.deb ...
Unpacking libatomic1:amd64 (12.2.0-14+deb12u1) ...
Selecting previously unselected package libasan8:amd64.
Preparing to unpack .../034-libasan8_12.2.0-14+deb12u1_amd64.deb ...
Unpacking libasan8:amd64 (12.2.0-14+deb12u1) ...
Selecting previously unselected package liblsan0:amd64.
Preparing to unpack .../035-liblsan0_12.2.0-14+deb12u1_amd64.deb ...
Unpacking liblsan0:amd64 (12.2.0-14+deb12u1) ...
Selecting previously unselected package libtsan2:amd64.
Preparing to unpack .../036-libtsan2_12.2.0-14+deb12u1_amd64.deb ...
Unpacking libtsan2:amd64 (12.2.0-14+deb12u1) ...
Selecting previously unselected package libubsan1:amd64.
Preparing to unpack .../037-libubsan1_12.2.0-14+deb12u1_amd64.deb ...
Unpacking libubsan1:amd64 (12.2.0-14+deb12u1) ...
Selecting previously unselected package libquadmath0:amd64.
Preparing to unpack .../038-libquadmath0_12.2.0-14+deb12u1_amd64.deb ...
Unpacking libquadmath0:amd64 (12.2.0-14+deb12u1) ...
Selecting previously unselected package libgcc-12-dev:amd64.
Preparing to unpack .../039-libgcc-12-dev_12.2.0-14+deb12u1_amd64.deb ...
Unpacking libgcc-12-dev:amd64 (12.2.0-14+deb12u1) ...
Selecting previously unselected package gcc-12.
Preparing to unpack .../040-gcc-12_12.2.0-14+deb12u1_amd64.deb ...
Unpacking gcc-12 (12.2.0-14+deb12u1) ...
Selecting previously unselected package gcc.
Preparing to unpack .../041-gcc_4%3a12.2.0-3_amd64.deb ...
Unpacking gcc (4:12.2.0-3) ...
Selecting previously unselected package libstdc++-12-dev:amd64.
Preparing to unpack .../042-libstdc++-12-dev_12.2.0-14+deb12u1_amd64.deb ...
Unpacking libstdc++-12-dev:amd64 (12.2.0-14+deb12u1) ...
Selecting previously unselected package g++-12.
Preparing to unpack .../043-g++-12_12.2.0-14+deb12u1_amd64.deb ...
Unpacking g++-12 (12.2.0-14+deb12u1) ...
Selecting previously unselected package g++.
Preparing to unpack .../044-g++_4%3a12.2.0-3_amd64.deb ...
Unpacking g++ (4:12.2.0-3) ...
Selecting previously unselected package make.
Preparing to unpack .../045-make_4.3-4.1_amd64.deb ...
Unpacking make (4.3-4.1) ...
Selecting previously unselected package libdpkg-perl.
Preparing to unpack .../046-libdpkg-perl_1.21.23_all.deb ...
Unpacking libdpkg-perl (1.21.23) ...
Selecting previously unselected package patch.
Preparing to unpack .../047-patch_2.7.6-7_amd64.deb ...
Unpacking patch (2.7.6-7) ...
Selecting previously unselected package dpkg-dev.
Preparing to unpack .../048-dpkg-dev_1.21.23_all.deb ...
Unpacking dpkg-dev (1.21.23) ...
Selecting previously unselected package build-essential.
Preparing to unpack .../049-build-essential_12.9_amd64.deb ...
Unpacking build-essential (12.9) ...
Selecting previously unselected package libfakeroot:amd64.
Preparing to unpack .../050-libfakeroot_1.31-1.2_amd64.deb ...
Unpacking libfakeroot:amd64 (1.31-1.2) ...
Selecting previously unselected package fakeroot.
Preparing to unpack .../051-fakeroot_1.31-1.2_amd64.deb ...
Unpacking fakeroot (1.31-1.2) ...
Selecting previously unselected package fonts-dejavu-core.
Preparing to unpack .../052-fonts-dejavu-core_2.37-6_all.deb ...
Unpacking fonts-dejavu-core (2.37-6) ...
Selecting previously unselected package fontconfig-config.
Preparing to unpack .../053-fontconfig-config_2.14.1-4_amd64.deb ...
Unpacking fontconfig-config (2.14.1-4) ...
Selecting previously unselected package liberror-perl.
Preparing to unpack .../054-liberror-perl_0.17029-2_all.deb ...
Unpacking liberror-perl (0.17029-2) ...
Selecting previously unselected package git-man.
Preparing to unpack .../055-git-man_1%3a2.39.5-0+deb12u3_all.deb ...
Unpacking git-man (1:2.39.5-0+deb12u3) ...
Selecting previously unselected package git.
Preparing to unpack .../056-git_1%3a2.39.5-0+deb12u3_amd64.deb ...
Unpacking git (1:2.39.5-0+deb12u3) ...
Selecting previously unselected package javascript-common.
Preparing to unpack .../057-javascript-common_11+nmu1_all.deb ...
Unpacking javascript-common (11+nmu1) ...
Selecting previously unselected package libabsl20220623:amd64.
Preparing to unpack .../058-libabsl20220623_20220623.1-1+deb12u2_amd64.deb ...
Unpacking libabsl20220623:amd64 (20220623.1-1+deb12u2) ...
Selecting previously unselected package libalgorithm-diff-perl.
Preparing to unpack .../059-libalgorithm-diff-perl_1.201-1_all.deb ...
Unpacking libalgorithm-diff-perl (1.201-1) ...
Selecting previously unselected package libalgorithm-diff-xs-perl:amd64.
Preparing to unpack .../060-libalgorithm-diff-xs-perl_0.04-8+b1_amd64.deb ...
Unpacking libalgorithm-diff-xs-perl:amd64 (0.04-8+b1) ...
Selecting previously unselected package libalgorithm-merge-perl.
Preparing to unpack .../061-libalgorithm-merge-perl_0.08-5_all.deb ...
Unpacking libalgorithm-merge-perl (0.08-5) ...
Selecting previously unselected package libaom3:amd64.
Preparing to unpack .../062-libaom3_3.6.0-1+deb12u2_amd64.deb ...
Unpacking libaom3:amd64 (3.6.0-1+deb12u2) ...
Selecting previously unselected package libdav1d6:amd64.
Preparing to unpack .../063-libdav1d6_1.0.0-2+deb12u1_amd64.deb ...
Unpacking libdav1d6:amd64 (1.0.0-2+deb12u1) ...
Selecting previously unselected package libgav1-1:amd64.
Preparing to unpack .../064-libgav1-1_0.18.0-1+b1_amd64.deb ...
Unpacking libgav1-1:amd64 (0.18.0-1+b1) ...
Selecting previously unselected package librav1e0:amd64.
Preparing to unpack .../065-librav1e0_0.5.1-6_amd64.deb ...
Unpacking librav1e0:amd64 (0.5.1-6) ...
Selecting previously unselected package libsvtav1enc1:amd64.
Preparing to unpack .../066-libsvtav1enc1_1.4.1+dfsg-1_amd64.deb ...
Unpacking libsvtav1enc1:amd64 (1.4.1+dfsg-1) ...
Selecting previously unselected package libjpeg62-turbo:amd64.
Preparing to unpack .../067-libjpeg62-turbo_1%3a2.1.5-2_amd64.deb ...
Unpacking libjpeg62-turbo:amd64 (1:2.1.5-2) ...
Selecting previously unselected package libyuv0:amd64.
Preparing to unpack .../068-libyuv0_0.0~git20230123.b2528b0-1_amd64.deb ...
Unpacking libyuv0:amd64 (0.0~git20230123.b2528b0-1) ...
Selecting previously unselected package libavif15:amd64.
Preparing to unpack .../069-libavif15_0.11.1-1+deb12u1_amd64.deb ...
Unpacking libavif15:amd64 (0.11.1-1+deb12u1) ...
Selecting previously unselected package libfontconfig1:amd64.
Preparing to unpack .../070-libfontconfig1_2.14.1-4_amd64.deb ...
Unpacking libfontconfig1:amd64 (2.14.1-4) ...
Selecting previously unselected package libde265-0:amd64.
Preparing to unpack .../071-libde265-0_1.0.11-1+deb12u2_amd64.deb ...
Unpacking libde265-0:amd64 (1.0.11-1+deb12u2) ...
Selecting previously unselected package libnuma1:amd64.
Preparing to unpack .../072-libnuma1_2.0.16-1_amd64.deb ...
Unpacking libnuma1:amd64 (2.0.16-1) ...
Selecting previously unselected package libx265-199:amd64.
Preparing to unpack .../073-libx265-199_3.5-2+b1_amd64.deb ...
Unpacking libx265-199:amd64 (3.5-2+b1) ...
Selecting previously unselected package libheif1:amd64.
Preparing to unpack .../074-libheif1_1.15.1-1+deb12u1_amd64.deb ...
Unpacking libheif1:amd64 (1.15.1-1+deb12u1) ...
Selecting previously unselected package libdeflate0:amd64.
Preparing to unpack .../075-libdeflate0_1.14-1_amd64.deb ...
Unpacking libdeflate0:amd64 (1.14-1) ...
Selecting previously unselected package libjbig0:amd64.
Preparing to unpack .../076-libjbig0_2.1-6.1_amd64.deb ...
Unpacking libjbig0:amd64 (2.1-6.1) ...
Selecting previously unselected package liblerc4:amd64.
Preparing to unpack .../077-liblerc4_4.0.0+ds-2_amd64.deb ...
Unpacking liblerc4:amd64 (4.0.0+ds-2) ...
Selecting previously unselected package libwebp7:amd64.
Preparing to unpack .../078-libwebp7_1.2.4-0.2+deb12u1_amd64.deb ...
Unpacking libwebp7:amd64 (1.2.4-0.2+deb12u1) ...
Selecting previously unselected package libtiff6:amd64.
Preparing to unpack .../079-libtiff6_4.5.0-6+deb12u4_amd64.deb ...
Unpacking libtiff6:amd64 (4.5.0-6+deb12u4) ...
Selecting previously unselected package libxau6:amd64.
Preparing to unpack .../080-libxau6_1%3a1.0.9-1_amd64.deb ...
Unpacking libxau6:amd64 (1:1.0.9-1) ...
Selecting previously unselected package libxdmcp6:amd64.
Preparing to unpack .../081-libxdmcp6_1%3a1.1.2-3_amd64.deb ...
Unpacking libxdmcp6:amd64 (1:1.1.2-3) ...
Selecting previously unselected package libxcb1:amd64.
Preparing to unpack .../082-libxcb1_1.15-1_amd64.deb ...
Unpacking libxcb1:amd64 (1.15-1) ...
Selecting previously unselected package libx11-data.
Preparing to unpack .../083-libx11-data_2%3a1.8.4-2+deb12u2_all.deb ...
Unpacking libx11-data (2:1.8.4-2+deb12u2) ...
Selecting previously unselected package libx11-6:amd64.
Preparing to unpack .../084-libx11-6_2%3a1.8.4-2+deb12u2_amd64.deb ...
Unpacking libx11-6:amd64 (2:1.8.4-2+deb12u2) ...
Selecting previously unselected package libxpm4:amd64.
Preparing to unpack .../085-libxpm4_1%3a3.5.12-1.1+deb12u1_amd64.deb ...
Unpacking libxpm4:amd64 (1:3.5.12-1.1+deb12u1) ...
Selecting previously unselected package libgd3:amd64.
Preparing to unpack .../086-libgd3_2.3.3-9_amd64.deb ...
Unpacking libgd3:amd64 (2.3.3-9) ...
Selecting previously unselected package libc-devtools.
Preparing to unpack .../087-libc-devtools_2.36-9+deb12u14_amd64.deb ...
Unpacking libc-devtools (2.36-9+deb12u14) ...
Selecting previously unselected package libexpat1-dev:amd64.
Preparing to unpack .../088-libexpat1-dev_2.5.0-1+deb12u2_amd64.deb ...
Unpacking libexpat1-dev:amd64 (2.5.0-1+deb12u2) ...
Selecting previously unselected package libfile-fcntllock-perl.
Preparing to unpack .../089-libfile-fcntllock-perl_0.22-4+b1_amd64.deb ...
Unpacking libfile-fcntllock-perl (0.22-4+b1) ...
Selecting previously unselected package libjs-jquery.
Preparing to unpack .../090-libjs-jquery_3.6.1+dfsg+~3.5.14-1_all.deb ...
Unpacking libjs-jquery (3.6.1+dfsg+~3.5.14-1) ...
Selecting previously unselected package libjs-underscore.
Preparing to unpack .../091-libjs-underscore_1.13.4~dfsg+~1.11.4-3_all.deb ...
Unpacking libjs-underscore (1.13.4~dfsg+~1.11.4-3) ...
Selecting previously unselected package libjs-sphinxdoc.
Preparing to unpack .../092-libjs-sphinxdoc_5.3.0-4_all.deb ...
Unpacking libjs-sphinxdoc (5.3.0-4) ...
Selecting previously unselected package libpython3.11:amd64.
Preparing to unpack .../093-libpython3.11_3.11.2-6+deb12u7_amd64.deb ...
Unpacking libpython3.11:amd64 (3.11.2-6+deb12u7) ...
Selecting previously unselected package zlib1g-dev:amd64.
Preparing to unpack .../094-zlib1g-dev_1%3a1.2.13.dfsg-1_amd64.deb ...
Unpacking zlib1g-dev:amd64 (1:1.2.13.dfsg-1) ...
Selecting previously unselected package libpython3.11-dev:amd64.
Preparing to unpack .../095-libpython3.11-dev_3.11.2-6+deb12u7_amd64.deb ...
Unpacking libpython3.11-dev:amd64 (3.11.2-6+deb12u7) ...
Selecting previously unselected package libpython3-dev:amd64.
Preparing to unpack .../096-libpython3-dev_3.11.2-1+b1_amd64.deb ...
Unpacking libpython3-dev:amd64 (3.11.2-1+b1) ...
Selecting previously unselected package manpages-dev.
Preparing to unpack .../097-manpages-dev_6.03-2_all.deb ...
Unpacking manpages-dev (6.03-2) ...
Selecting previously unselected package python3.11-dev.
Preparing to unpack .../098-python3.11-dev_3.11.2-6+deb12u7_amd64.deb ...
Unpacking python3.11-dev (3.11.2-6+deb12u7) ...
Selecting previously unselected package python3-lib2to3.
Preparing to unpack .../099-python3-lib2to3_3.11.2-3_all.deb ...
Unpacking python3-lib2to3 (3.11.2-3) ...
Selecting previously unselected package python3-distutils.
Preparing to unpack .../100-python3-distutils_3.11.2-3_all.deb ...
Unpacking python3-distutils (3.11.2-3) ...
Selecting previously unselected package python3-dev.
Preparing to unpack .../101-python3-dev_3.11.2-1+b1_amd64.deb ...
Unpacking python3-dev (3.11.2-1+b1) ...
Selecting previously unselected package python3-setuptools.
Preparing to unpack .../102-python3-setuptools_66.1.1-1+deb12u2_all.deb ...
Unpacking python3-setuptools (66.1.1-1+deb12u2) ...
Selecting previously unselected package python3-wheel.
Preparing to unpack .../103-python3-wheel_0.38.4-2_all.deb ...
Unpacking python3-wheel (0.38.4-2) ...
Selecting previously unselected package python3-pip.
Preparing to unpack .../104-python3-pip_23.0.1+dfsg-1_all.deb ...
Unpacking python3-pip (23.0.1+dfsg-1) ...
Selecting previously unselected package python3-pip-whl.
Preparing to unpack .../105-python3-pip-whl_23.0.1+dfsg-1_all.deb ...
Unpacking python3-pip-whl (23.0.1+dfsg-1) ...
Selecting previously unselected package python3-setuptools-whl.
Preparing to unpack .../106-python3-setuptools-whl_66.1.1-1+deb12u2_all.deb ...
Unpacking python3-setuptools-whl (66.1.1-1+deb12u2) ...
Selecting previously unselected package python3.11-venv.
Preparing to unpack .../107-python3.11-venv_3.11.2-6+deb12u7_amd64.deb ...
Unpacking python3.11-venv (3.11.2-6+deb12u7) ...
Selecting previously unselected package python3-venv.
Preparing to unpack .../108-python3-venv_3.11.2-1+b1_amd64.deb ...
Unpacking python3-venv (3.11.2-1+b1) ...
Setting up javascript-common (11+nmu1) ...
Setting up libaom3:amd64 (3.6.0-1+deb12u2) ...
Setting up manpages-dev (6.03-2) ...
Setting up libabsl20220623:amd64 (20220623.1-1+deb12u2) ...
Setting up libxau6:amd64 (1:1.0.9-1) ...
Setting up libxdmcp6:amd64 (1:1.1.2-3) ...
Setting up python3-setuptools-whl (66.1.1-1+deb12u2) ...
Setting up libxcb1:amd64 (1.15-1) ...
Setting up liblerc4:amd64 (4.0.0+ds-2) ...
Setting up python3-pip-whl (23.0.1+dfsg-1) ...
Setting up binutils-common:amd64 (2.40-2) ...
Setting up libdeflate0:amd64 (1.14-1) ...
Setting up linux-libc-dev:amd64 (6.1.172-1) ...
Setting up libctf-nobfd0:amd64 (2.40-2) ...
Setting up libsvtav1enc1:amd64 (1.4.1+dfsg-1) ...
Setting up libgomp1:amd64 (12.2.0-14+deb12u1) ...
Setting up bzip2 (1.0.8-5+b1) ...
Setting up libjbig0:amd64 (2.1-6.1) ...
Setting up librav1e0:amd64 (0.5.1-6) ...
Setting up libfakeroot:amd64 (1.31-1.2) ...
Setting up libjansson4:amd64 (2.14-2) ...
Setting up fakeroot (1.31-1.2) ...
update-alternatives: using /usr/bin/fakeroot-sysv to provide /usr/bin/fakeroot (fakeroot) in auto mode
Setting up perl-modules-5.36 (5.36.0-7+deb12u3) ...
Setting up libtirpc-dev:amd64 (1.3.3+ds-1) ...
Setting up rpcsvc-proto (1.4.3-1) ...
Setting up libjpeg62-turbo:amd64 (1:2.1.5-2) ...
Setting up libx11-data (2:1.8.4-2+deb12u2) ...
Setting up make (4.3-4.1) ...
Setting up libmpfr6:amd64 (4.2.0-1) ...
Setting up libquadmath0:amd64 (12.2.0-14+deb12u1) ...
Setting up libmpc3:amd64 (1.3.1-1) ...
Setting up libatomic1:amd64 (12.2.0-14+deb12u1) ...
Setting up patch (2.7.6-7) ...
Setting up fonts-dejavu-core (2.37-6) ...
Setting up libgdbm-compat4:amd64 (1.23-3) ...
Setting up libgav1-1:amd64 (0.18.0-1+b1) ...
Setting up libdav1d6:amd64 (1.0.0-2+deb12u1) ...
Setting up libwebp7:amd64 (1.2.4-0.2+deb12u1) ...
Setting up libubsan1:amd64 (12.2.0-14+deb12u1) ...
Setting up libnuma1:amd64 (2.0.16-1) ...
Setting up libnsl-dev:amd64 (1.3.0-2) ...
Setting up libcrypt-dev:amd64 (1:4.4.33-2) ...
Setting up libtiff6:amd64 (4.5.0-6+deb12u4) ...
Setting up libasan8:amd64 (12.2.0-14+deb12u1) ...
Setting up git-man (1:2.39.5-0+deb12u3) ...
Setting up libx11-6:amd64 (2:1.8.4-2+deb12u2) ...
Setting up libpython3.11-minimal:amd64 (3.11.2-6+deb12u7) ...
Setting up libtsan2:amd64 (12.2.0-14+deb12u1) ...
Setting up libjs-jquery (3.6.1+dfsg+~3.5.14-1) ...
Setting up libbinutils:amd64 (2.40-2) ...
Setting up libisl23:amd64 (0.25-1.1) ...
Setting up libde265-0:amd64 (1.0.11-1+deb12u2) ...
Setting up libc-dev-bin (2.36-9+deb12u14) ...
Setting up python3-lib2to3 (3.11.2-3) ...
Setting up libyuv0:amd64 (0.0~git20230123.b2528b0-1) ...
Setting up libcc1-0:amd64 (12.2.0-14+deb12u1) ...
Setting up libperl5.36:amd64 (5.36.0-7+deb12u3) ...
Setting up liblocale-gettext-perl (1.07-5) ...
Setting up liblsan0:amd64 (12.2.0-14+deb12u1) ...
Setting up libitm1:amd64 (12.2.0-14+deb12u1) ...
Setting up libjs-underscore (1.13.4~dfsg+~1.11.4-3) ...
Setting up libctf0:amd64 (2.40-2) ...
Setting up python3-distutils (3.11.2-3) ...
Setting up python3.11-minimal (3.11.2-6+deb12u7) ...
Setting up cpp-12 (12.2.0-14+deb12u1) ...
Setting up python3-setuptools (66.1.1-1+deb12u2) ...
Setting up libxpm4:amd64 (1:3.5.12-1.1+deb12u1) ...
Setting up libavif15:amd64 (0.11.1-1+deb12u1) ...
Setting up fontconfig-config (2.14.1-4) ...
Setting up libpython3.11-stdlib:amd64 (3.11.2-6+deb12u7) ...
Setting up python3-wheel (0.38.4-2) ...
Setting up perl (5.36.0-7+deb12u3) ...
Setting up libgprofng0:amd64 (2.40-2) ...
Setting up libgcc-12-dev:amd64 (12.2.0-14+deb12u1) ...
Setting up python3-pip (23.0.1+dfsg-1) ...
Setting up libjs-sphinxdoc (5.3.0-4) ...
Setting up libdpkg-perl (1.21.23) ...
Setting up libx265-199:amd64 (3.5-2+b1) ...
Setting up cpp (4:12.2.0-3) ...
Setting up libc6-dev:amd64 (2.36-9+deb12u14) ...
Setting up binutils-x86-64-linux-gnu (2.40-2) ...
Setting up python3.11 (3.11.2-6+deb12u7) ...
Setting up libpython3.11:amd64 (3.11.2-6+deb12u7) ...
Setting up libstdc++-12-dev:amd64 (12.2.0-14+deb12u1) ...
Setting up libfile-fcntllock-perl (0.22-4+b1) ...
Setting up libalgorithm-diff-perl (1.201-1) ...
Setting up libheif1:amd64 (1.15.1-1+deb12u1) ...
Setting up binutils (2.40-2) ...
Setting up dpkg-dev (1.21.23) ...
Setting up liberror-perl (0.17029-2) ...
Setting up libexpat1-dev:amd64 (2.5.0-1+deb12u2) ...
Setting up python3.11-venv (3.11.2-6+deb12u7) ...
Setting up gcc-12 (12.2.0-14+deb12u1) ...
Setting up git (1:2.39.5-0+deb12u3) ...
Setting up zlib1g-dev:amd64 (1:1.2.13.dfsg-1) ...
Setting up libalgorithm-diff-xs-perl:amd64 (0.04-8+b1) ...
Setting up libalgorithm-merge-perl (0.08-5) ...
Setting up g++-12 (12.2.0-14+deb12u1) ...
Setting up gcc (4:12.2.0-3) ...
Setting up python3-venv (3.11.2-1+b1) ...
Setting up libpython3.11-dev:amd64 (3.11.2-6+deb12u7) ...
Setting up g++ (4:12.2.0-3) ...
update-alternatives: using /usr/bin/g++ to provide /usr/bin/c++ (c++) in auto mode
Setting up build-essential (12.9) ...
Setting up libpython3-dev:amd64 (3.11.2-1+b1) ...
Setting up python3.11-dev (3.11.2-6+deb12u7) ...
Setting up python3-dev (3.11.2-1+b1) ...
Processing triggers for sgml-base (1.31) ...
Setting up libfontconfig1:amd64 (2.14.1-4) ...
Processing triggers for libc-bin (2.36-9+deb12u14) ...
Processing triggers for systemd (252.39-1~deb12u1) ...
Processing triggers for man-db (2.11.2-2) ...
Setting up libgd3:amd64 (2.3.3-9) ...
Setting up libc-devtools (2.36-9+deb12u14) ...
Processing triggers for libc-bin (2.36-9+deb12u14) ...
ERROR: (gcloud.secrets.versions.access) PERMISSION_DENIED: Permission 'secretmanager.versions.access' denied on resource (or it may not exist). This command is authenticated as 632937281491-compute@developer.gserviceaccount.com which is the active account specified by the [core/account] property.
- '@type': type.googleapis.com/google.rpc.ErrorInfo
  domain: iam.googleapis.com
  metadata:
    permission: secretmanager.versions.access
  reason: IAM_PERMISSION_DENIED
==========================================
Boss Training VM Start: Tue May 19 01:10:57 UTC 2026
==========================================
Get:1 file:/etc/apt/mirrors/debian.list Mirrorlist [30 B]
Get:5 file:/etc/apt/mirrors/debian-security.list Mirrorlist [39 B]
Hit:2 https://deb.debian.org/debian bookworm InRelease
Hit:3 https://deb.debian.org/debian bookworm-updates InRelease
Hit:4 https://deb.debian.org/debian bookworm-backports InRelease
Hit:6 https://deb.debian.org/debian-security bookworm-security InRelease
Hit:7 https://packages.cloud.google.com/apt google-compute-engine-bookworm-stable InRelease
Hit:8 https://packages.cloud.google.com/apt cloud-sdk-bookworm InRelease
Reading package lists...
Reading package lists...
Building dependency tree...
Reading state information...
python3-pip is already the newest version (23.0.1+dfsg-1).
python3-venv is already the newest version (3.11.2-1+b1).
python3-dev is already the newest version (3.11.2-1+b1).
git is already the newest version (1:2.39.5-0+deb12u3).
curl is already the newest version (7.88.1-10+deb12u14).
0 upgraded, 0 newly installed, 0 to remove and 34 not upgraded.
ERROR: (gcloud.secrets.versions.access) PERMISSION_DENIED: Permission 'secretmanager.versions.access' denied on resource (or it may not exist). This command is authenticated as boss-training-sa@knu-2026-hangloss0331.iam.gserviceaccount.com which is the active account specified by the [core/account] property.
- '@type': type.googleapis.com/google.rpc.ErrorInfo
  domain: iam.googleapis.com
  metadata:
    permission: secretmanager.versions.access
  reason: IAM_PERMISSION_DENIED
==========================================
Boss Training VM Start: Tue May 19 01:16:42 UTC 2026
==========================================
Get:1 file:/etc/apt/mirrors/debian.list Mirrorlist [30 B]
Get:5 file:/etc/apt/mirrors/debian-security.list Mirrorlist [39 B]
Hit:2 https://deb.debian.org/debian bookworm InRelease
Hit:3 https://deb.debian.org/debian bookworm-updates InRelease
Hit:4 https://deb.debian.org/debian bookworm-backports InRelease
Hit:6 https://deb.debian.org/debian-security bookworm-security InRelease
Hit:7 https://packages.cloud.google.com/apt google-compute-engine-bookworm-stable InRelease
Hit:8 https://packages.cloud.google.com/apt cloud-sdk-bookworm InRelease
Reading package lists...
Reading package lists...
Building dependency tree...
Reading state information...
python3-pip is already the newest version (23.0.1+dfsg-1).
python3-venv is already the newest version (3.11.2-1+b1).
python3-dev is already the newest version (3.11.2-1+b1).
git is already the newest version (1:2.39.5-0+deb12u3).
curl is already the newest version (7.88.1-10+deb12u14).
0 upgraded, 0 newly installed, 0 to remove and 34 not upgraded.
Cloning repo...
remote: Write access to repository not granted.
fatal: unable to access 'https://github.com/26-CloudAI/loa-main.git/': The requested URL returned error: 403
==========================================
Boss Training VM Start: Tue May 26 17:00:24 UTC 2026
==========================================
Get:1 file:/etc/apt/mirrors/debian.list Mirrorlist [30 B]
Get:4 file:/etc/apt/mirrors/debian-security.list Mirrorlist [39 B]
Hit:2 https://deb.debian.org/debian bookworm InRelease
Get:3 https://deb.debian.org/debian bookworm-updates InRelease [55.4 kB]
Get:5 https://deb.debian.org/debian bookworm-backports InRelease [59.4 kB]
Get:6 https://deb.debian.org/debian-security bookworm-security InRelease [48.0 kB]
Hit:7 https://packages.cloud.google.com/apt google-compute-engine-bookworm-stable InRelease
Get:8 https://deb.debian.org/debian bookworm-backports/main Sources.diff/Index [63.3 kB]
Get:9 https://deb.debian.org/debian bookworm-backports/main amd64 Packages.diff/Index [63.3 kB]
Hit:10 https://packages.cloud.google.com/apt cloud-sdk-bookworm InRelease
Get:13 https://deb.debian.org/debian bookworm-backports/main Sources T-2026-05-25-0200.17-F-2026-05-25-0200.17.pdiff [44 B]
Get:13 https://deb.debian.org/debian bookworm-backports/main Sources T-2026-05-25-0200.17-F-2026-05-25-0200.17.pdiff [44 B]
Get:14 https://deb.debian.org/debian bookworm-backports/main amd64 Packages T-2026-05-25-0200.17-F-2026-05-25-0200.17.pdiff [1117 B]
Get:14 https://deb.debian.org/debian bookworm-backports/main amd64 Packages T-2026-05-25-0200.17-F-2026-05-25-0200.17.pdiff [1117 B]
Get:11 https://deb.debian.org/debian-security bookworm-security/main Sources [203 kB]
Get:12 https://deb.debian.org/debian-security bookworm-security/main amd64 Packages [307 kB]
Fetched 801 kB in 1s (969 kB/s)
Reading package lists...
Reading package lists...
Building dependency tree...
Reading state information...
python3-pip is already the newest version (23.0.1+dfsg-1).
python3-venv is already the newest version (3.11.2-1+b1).
python3-dev is already the newest version (3.11.2-1+b1).
git is already the newest version (1:2.39.5-0+deb12u3).
curl is already the newest version (7.88.1-10+deb12u14).
0 upgraded, 0 newly installed, 0 to remove and 3 not upgraded.
Cloning repo...
remote: Write access to repository not granted.
fatal: unable to access 'https://github.com/26-CloudAI/loa-main.git/': The requested URL returned error: 403
==========================================
Boss Training VM Start: Fri May 29 17:00:22 UTC 2026
==========================================
Get:1 file:/etc/apt/mirrors/debian.list Mirrorlist [30 B]
Get:4 file:/etc/apt/mirrors/debian-security.list Mirrorlist [39 B]
Hit:2 https://deb.debian.org/debian bookworm InRelease
Get:3 https://deb.debian.org/debian bookworm-updates InRelease [55.4 kB]
Get:5 https://deb.debian.org/debian bookworm-backports InRelease [59.4 kB]
Get:6 https://deb.debian.org/debian-security bookworm-security InRelease [48.0 kB]
Hit:7 https://packages.cloud.google.com/apt google-compute-engine-bookworm-stable InRelease
Get:8 https://deb.debian.org/debian bookworm-backports/main Sources.diff/Index [63.3 kB]
Get:9 https://deb.debian.org/debian bookworm-backports/main amd64 Packages.diff/Index [63.3 kB]
Get:10 https://deb.debian.org/debian bookworm-backports/main Translation-en.diff/Index [63.3 kB]
Get:14 https://deb.debian.org/debian bookworm-backports/main Sources T-2026-05-29-1401.31-F-2026-05-28-0814.40.pdiff [2671 B]
Get:14 https://deb.debian.org/debian bookworm-backports/main Sources T-2026-05-29-1401.31-F-2026-05-28-0814.40.pdiff [2671 B]
Get:15 https://deb.debian.org/debian bookworm-backports/main amd64 Packages T-2026-05-29-0204.11-F-2026-05-28-2022.32.pdiff [1573 B]
Get:15 https://deb.debian.org/debian bookworm-backports/main amd64 Packages T-2026-05-29-0204.11-F-2026-05-28-2022.32.pdiff [1573 B]
Get:16 https://deb.debian.org/debian bookworm-backports/main Translation-en T-2026-05-28-2022.32-F-2026-05-28-2022.32.pdiff [596 B]
Get:16 https://deb.debian.org/debian bookworm-backports/main Translation-en T-2026-05-28-2022.32-F-2026-05-28-2022.32.pdiff [596 B]
Get:11 https://deb.debian.org/debian-security bookworm-security/main Sources [207 kB]
Get:12 https://deb.debian.org/debian-security bookworm-security/main amd64 Packages [305 kB]
Get:13 https://deb.debian.org/debian-security bookworm-security/main Translation-en [187 kB]
Hit:17 https://packages.cloud.google.com/apt cloud-sdk-bookworm InRelease
Fetched 1057 kB in 1s (1768 kB/s)
Reading package lists...
Reading package lists...
Building dependency tree...
Reading state information...
python3-pip is already the newest version (23.0.1+dfsg-1).
python3-venv is already the newest version (3.11.2-1+b1).
python3-dev is already the newest version (3.11.2-1+b1).
git is already the newest version (1:2.39.5-0+deb12u3).
curl is already the newest version (7.88.1-10+deb12u14).
0 upgraded, 0 newly installed, 0 to remove and 8 not upgraded.
Cloning repo...
remote: Write access to repository not granted.
fatal: unable to access 'https://github.com/26-CloudAI/loa-main.git/': The requested URL returned error: 403
==========================================
Boss Training VM Start: Sun May 31 12:57:45 UTC 2026
==========================================
Get:1 file:/etc/apt/mirrors/debian.list Mirrorlist [30 B]
Get:4 file:/etc/apt/mirrors/debian-security.list Mirrorlist [39 B]
Hit:2 https://deb.debian.org/debian bookworm InRelease
Get:3 https://deb.debian.org/debian bookworm-updates InRelease [55.4 kB]
Get:5 https://deb.debian.org/debian bookworm-backports InRelease [59.4 kB]
Get:6 https://deb.debian.org/debian-security bookworm-security InRelease [48.0 kB]
Hit:7 https://packages.cloud.google.com/apt google-compute-engine-bookworm-stable InRelease
Get:8 https://deb.debian.org/debian bookworm-backports/main amd64 Packages.diff/Index [63.3 kB]
Get:9 https://deb.debian.org/debian bookworm-backports/main Translation-en.diff/Index [63.3 kB]
Hit:10 https://packages.cloud.google.com/apt cloud-sdk-bookworm InRelease
Get:11 https://deb.debian.org/debian bookworm-backports/main amd64 Packages T-2026-05-30-2005.39-F-2026-05-30-2005.39.pdiff [1381 B]
Get:11 https://deb.debian.org/debian bookworm-backports/main amd64 Packages T-2026-05-30-2005.39-F-2026-05-30-2005.39.pdiff [1381 B]
Get:12 https://deb.debian.org/debian bookworm-backports/main Translation-en T-2026-05-30-2005.39-F-2026-05-30-2005.39.pdiff [598 B]
Get:12 https://deb.debian.org/debian bookworm-backports/main Translation-en T-2026-05-30-2005.39-F-2026-05-30-2005.39.pdiff [598 B]
Fetched 291 kB in 1s (394 kB/s)
Reading package lists...
Reading package lists...
Building dependency tree...
Reading state information...
python3-pip is already the newest version (23.0.1+dfsg-1).
python3-venv is already the newest version (3.11.2-1+b1).
python3-dev is already the newest version (3.11.2-1+b1).
git is already the newest version (1:2.39.5-0+deb12u3).
curl is already the newest version (7.88.1-10+deb12u14).
0 upgraded, 0 newly installed, 0 to remove and 3 not upgraded.
Cloning repo...
remote: Write access to repository not granted.
fatal: unable to access 'https://github.com/26-CloudAI/loa-main.git/': The requested URL returned error: 403
